key	senses	categories	TODO
6882			
6883			
6884			
6885			
6886			
6887			
6888			
6889			
2579			
6890			
2580			
2581			
2582			
4806			
4807			
4808			
4809			
4810			
4811			
4812			
4813			
4814			
6479			
6480			
6481			
4815			
4816			
4817			
4818			
4819			
4820			
6482			
6483			
6484			
6485			
4821			
4822			
4823			
4824			
4825			
6486			
6487			
6488			
6489			
6490			
6491			
6492			
4826			
6493			
6494			
6495			
6496			
6497			
6498			
2165			
2166			
2167			
2168			
2169			
2170			
2171			
5672			
5674			
5675			
1104			
1105			
5676			
5677			
5678			
5679			
1106			
1107			
1108			
1109			
1110			
1111			
1112			
1113			
1114			
1115			
1116			
1117			
1118			
1119			
1120			
1121			
1122			
1123			
1124			
1125			
1126			
1127			
6348			
6349			
6350			
6351			
6352			
6353			
6354			
6355			
1970			
1971			
1972			
1973			
1974			
1975			
307			
4145			
4146			
4147			
4148			
4149			
4150			
4151			
4152			
4153			
4154			
4155			
4156			
4157			
4158			
4159			
4160			
4161			
4162			
4163			
4164			
5493			
5494			
5495			
5496			
5497			
5498			
5499			
4165			
4166			
4167			
4168			
4169			
4170			
5500			
5501			
4171			
4172			
4173			
4174			
8387			
8388			
8389			
8390			
8391			
8392			
8393			
8394			
3882			
3883			
3884			
3885			
112			
6895			
6896			
6897			
6898			
6899			
6900			
6901			
6902			
6903			
2588			
2589			
5120			
5121			
5122			
5123			
5124			
5125			
5126			
5127			
5128			
7372			
7373			
7374			
7375			
3031			
3032			
3033			
7376			
3034			
3035			
3036			
2884			
4127			
4128			
4129			
4130			
25			
26			
27			
28			
29			
6538			
6539			
6540			
6541			
4833			
4834			
4835			
4836			
4837			
4838			
4839			
4840			
4841			
2204			
2205			
2206			
2207			
5129			
5130			
5131			
5132			
5133			
7400			
5134			
5135			
5136			
5137			
5138			
5139			
5140			
5141			
5142			
5143			
5144			
5145			
5146			
3046			
3047			
3048			
3049			
3050			
7408			
7409			
7410			
7411			
3082			
3083			
3084			
8763			
8764			
8765			
3085			
3086			
3087			
7412			
7413			
7414			
7415			
7416			
7417			
7418			
7419			
7420			
7421			
3088			
3089			
1576			
5989			
5990			
5991			
1577			
1578			
1579			
5992			
5993			
1580			
1581			
1582			
5375			
5376			
5377			
5378			
5379			
5380			
5381			
5382			
5383			
5384			
5385			
5386			
5387			
5388			
3914			
3915			
3916			
3912			
8458			
8459			
8460			
3913			
8866			
8867			
1589			
1590			
5994			
5995			
5996			
5997			
5998			
3618			
3619			
3620			
3621			
3622			
3623			
3624			
3625			
3626			
8723			
3627			
3628			
3629			
3630			
3631			
3632			
3633			
3634			
8025			
8026			
8027			
8028			
8029			
3635			
3636			
8030			
3637			
8031			
8032			
8033			
8034			
8035			
8036			
8037			
3638			
3639			
3640			
8038			
8039			
8040			
8041			
8042			
8043			
8044			
8045			
8046			
3641			
8047			
8048			
8049			
3642			
8050			
8051			
3643			
8052			
3644			
3645			
3070			
8996			
8997			
8998			
8999			
3071			
3074			
9016			
3072			
9017			
3073			
8732			
8733			
9000			
9001			
9002			
9003			
9004			
9005			
9006			
9007			
9008			
9009			
9010			
9011			
9012			
9013			
9014			
9015			
1557			
1558			
1559			
1560			
1561			
1562			
1563			
1564			
1565			
1566			
1567			
1568			
1569			
734			
735			
736			
737			
738			
739			
740			
741			
742			
743			
744			
745			
746			
4206			
4207			
5513			
5514			
5515			
5516			
5517			
5518			
391			
392			
393			
394			
395			
396			
397			
398			
399			
6597			
6598			
6599			
6600			
6601			
2240			
2241			
2242			
2243			
2244			
8724			
8725			
8726			
8727			
8728			
8729			
8730			
8731			
261			
882			
909			
910			
911			
912			
913			
914			
915			
916			
917			
918			
883			
884			
885			
886			
887			
888			
889			
890			
891			
892			
893			
894			
895			
896			
897			
898			
899			
900			
901			
902			
903			
904			
905			
906			
907			
5416			
5417			
5418			
5419			
5420			
5421			
5422			
5423			
3979			
3980			
143			
144			
145			
146			
147			
148			
149			
150			
151			
152			
153			
154			
155			
156			
157			
158			
159			
1093			
1094			
1095			
1096			
1097			
4505			
4506			
4507			
4508			
1221			
1222			
1223			
1224			
1225			
1226			
1193			
1194			
1195			
1196			
1197			
1198			
1199			
1200			
1201			
1202			
1203			
1204			
1205			
1206			
1207			
1208			
1209			
1210			
1211			
1212			
297			
298			
299			
300			
6891			
6892			
6893			
6894			
2711			
4970			
4971			
4972			
4973			
4974			
4975			
4976			
4977			
4978			
4979			
4980			
4981			
4982			
4983			
4984			
4985			
4986			
4987			
4988			
4989			
4990			
2712			
2713			
4991			
4992			
4993			
4994			
4995			
4996			
4997			
4998			
4999			
2714			
2715			
2716			
2717			
2718			
286			
287			
288			
289			
290			
5159			
5160			
7557			
7558			
5161			
5162			
7559			
7560			
5163			
5164			
5165			
5166			
5167			
5168			
5169			
5170			
3189			
7561			
7562			
7563			
3190			
3191			
3192			
3193			
3194			
3195			
7564			
7565			
7566			
7567			
3196			
3197			
3198			
3199			
3200			
3201			
7914			
7915			
5265			
5266			
5267			
5268			
8870			
8871			
8872			
8873			
8874			
8875			
5269			
8876			
5270			
5271			
5272			
3520			
3521			
3522			
3523			
3524			
3525			
7125			
7126			
7127			
7128			
2796			
2797			
2798			
2799			
2800			
3789			
5349			
5350			
5351			
5352			
5353			
5354			
5355			
5356			
5357			
3790			
3791			
3792			
3793			
3794			
3795			
8221			
8222			
8223			
8224			
3796			
3797			
4788			
4789			
4790			
4791			
4792			
4793			
6448			
4794			
4795			
4796			
4797			
4798			
4799			
4800			
4801			
4802			
4803			
4804			
4805			
2101			
2102			
2103			
2104			
2105			
2106			
2107			
2108			
2109			
6449			
6450			
2110			
2111			
2112			
2113			
3267			
5220			
5221			
5222			
5223			
5224			
5225			
5226			
5227			
5228			
5229			
5230			
5231			
5232			
5233			
3272			
3273			
3274			
7656			
7657			
5951			
5952			
4339			
4340			
4341			
4342			
4343			
4344			
4345			
8865			
4346			
4347			
5577			
4348			
4349			
4350			
4351			
4352			
4353			
5578			
4354			
3052			
3053			
3054			
7401			
7402			
7403			
7404			
7405			
7406			
7407			
3055			
3056			
7468			
7469			
7470			
7471			
7472			
3131			
3132			
3138			
3133			
3134			
3135			
3136			
3137			
5110			
5111			
5112			
5113			
5114			
5115			
5116			
5117			
5118			
5119			
3006			
3007			
3008			
3009			
3010			
3011			
3012			
3013			
3014			
3015			
3016			
3017			
8597			
8598			
8599			
8600			
8601			
8602			
4010			
4011			
4012			
4013			
4014			
4015			
2310			
2311			
2312			
2313			
4716			
4717			
4718			
4719			
4720			
4721			
4722			
6130			
4723			
6131			
4724			
4725			
4726			
4727			
4728			
4729			
4730			
4731			
4732			
4733			
4734			
4735			
4736			
6132			
1744			
1745			
1746			
1747			
1748			
1749			
1382			
1383			
1384			
1385			
1386			
1387			
1388			
5761			
5762			
5763			
5764			
5765			
5766			
5767			
1389			
5768			
5769			
5770			
5771			
5772			
7837			
3483			
3484			
7838			
7839			
3485			
7840			
7841			
7842			
7843			
7844			
7845			
7846			
7847			
3486			
7848			
7849			
7850			
7851			
7852			
7853			
7854			
3487			
7855			
7856			
7857			
3488			
3489			
7858			
3490			
7859			
7860			
3491			
7861			
7862			
3492			
160			
161			
4131			
4132			
4133			
4134			
4135			
4136			
4137			
173			
162			
163			
174			
175			
164			
165			
166			
167			
168			
169			
170			
171			
5488			
5489			
5490			
5491			
5492			
172			
6379			
6380			
6381			
6382			
2031			
2032			
2033			
2034			
2035			
2036			
6383			
6384			
2037			
2038			
2039			
2040			
2041			
8737			
8738			
8739			
8740			
8741			
337			
338			
339			
340			
341			
342			
343			
344			
416			
417			
418			
419			
420			
7730			
7731			
7732			
3376			
3377			
3378			
3379			
3380			
3381			
7733			
3382			
8370			
8371			
8372			
3867			
3868			
3869			
3870			
3871			
3872			
3859			
8351			
8352			
8353			
8354			
8355			
3860			
8356			
8357			
8358			
432			
433			
434			
8790			
8789			
8791			
8792			
8793			
8794			
8795			
8796			
8797			
435			
436			
2969			
2970			
3399			
3400			
5299			
5300			
5301			
5302			
5303			
5304			
5305			
3713			
3714			
3715			
3716			
3717			
3718			
3719			
2081			
2082			
3761			
3762			
3251			
3252			
3253			
3254			
3255			
3256			
3257			
3258			
3259			
3260			
3261			
2509			
2510			
2511			
2512			
2513			
2514			
2515			
2516			
2517			
2643			
8783			
2644			
8784			
3318			
3319			
3320			
3321			
3322			
3323			
8834			
8835			
8836			
3324			
8837			
8838			
8839			
8840			
8841			
8842			
8843			
8844			
8845			
3325			
3326			
8846			
8847			
8848			
8849			
8850			
3327			
3328			
8851			
8852			
8853			
8854			
8855			
8856			
8857			
8858			
3329			
3330			
692			
693			
2611			
2612			
2613			
4941			
4942			
4943			
4944			
4945			
4946			
4947			
4948			
6916			
6917			
6918			
4949			
4950			
4951			
4952			
4953			
6999			
7000			
7001			
7002			
7003			
7004			
7005			
7006			
7007			
7008			
7009			
2689			
2690			
2691			
7010			
2692			
5098			
5099			
5100			
5101			
5102			
5103			
5104			
5105			
5106			
5107			
5108			
2955			
2956			
2957			
6869			
6870			
6871			
6872			
6873			
6874			
6875			
6876			
6877			
6878			
6879			
6880			
6881			
2565			
2566			
2567			
2568			
2569			
2570			
2571			
2572			
2573			
2574			
2575			
2576			
3961			
3962			
3963			
3964			
919			
920			
921			
922			
7692			
7693			
7694			
7695			
7696			
7697			
7698			
7699			
7700			
3357			
3358			
3359			
3360			
3361			
3362			
3363			
5389			
5390			
5391			
5392			
5393			
5394			
5395			
5396			
5397			
5398			
5399			
5400			
5401			
8541			
8542			
8543			
8544			
3956			
3955			
761			
762			
224			
225			
226			
227			
228			
6630			
6631			
6632			
6635			
6633			
6634			
6636			
6637			
6638			
6639			
6640			
2284			
2285			
2286			
2287			
2723			
2724			
2725			
4530			
4531			
4532			
4533			
4534			
4535			
4536			
4537			
4538			
4539			
4540			
4541			
4542			
4543			
4544			
4545			
4546			
4547			
4548			
4549			
4550			
4551			
4552			
4553			
4554			
4555			
4556			
4557			
5747			
5748			
4558			
4559			
4560			
4561			
4562			
1337			
1342			
1338			
1339			
1340			
1341			
4442			
5638			
5639			
5640			
5641			
5642			
5643			
1074			
5644			
5645			
5646			
5647			
5648			
1075			
1076			
5649			
5650			
5651			
5652			
5653			
5654			
5655			
4443			
4444			
5656			
5657			
4445			
4446			
4447			
1077			
1078			
1079			
4563			
1345			
1346			
1347			
1348			
1349			
1350			
6361			
6362			
6363			
6364			
6365			
6366			
4765			
6367			
6368			
6369			
6370			
1999			
2000			
2001			
8898			
8899			
8901			
8900			
5282			
5283			
5284			
5285			
5286			
5287			
5288			
5289			
5290			
3591			
3592			
3593			
3594			
3595			
3596			
3597			
8006			
8007			
3598			
8008			
8009			
8010			
8011			
8012			
8013			
8014			
8015			
3599			
3600			
3601			
3602			
3603			
3604			
3605			
8021			
8023			
8022			
8020			
8024			
3606			
3607			
6337			
6338			
6339			
6340			
6341			
6342			
4749			
4750			
6343			
6344			
6345			
6346			
4751			
4752			
4753			
4754			
6347			
1960			
1961			
1962			
1963			
1964			
1965			
1966			
1967			
1968			
1969			
1			
2			
3			
5502			
309			
310			
311			
312			
313			
314			
315			
316			
317			
318			
319			
320			
5			
6			
7			
8			
7874			
7875			
3311			
3312			
3313			
3314			
3315			
3316			
5556			
4303			
4304			
4305			
4306			
4307			
4308			
4309			
4310			
4311			
4312			
4313			
4314			
4315			
4316			
4317			
4318			
597			
5557			
8785			
5558			
5559			
598			
599			
4319			
4320			
4321			
4322			
4323			
4324			
4325			
600			
601			
602			
603			
609			
604			
605			
606			
607			
608			
428			
429			
430			
8864			
431			
3029			
8215			
8216			
8217			
8218			
8219			
5346			
5347			
8220			
5348			
7249			
7250			
2883			
3231			
618			
619			
620			
621			
622			
623			
624			
5697			
5698			
5699			
8747			
1173			
1174			
1175			
1179			
1176			
5695			
5696			
1177			
1178			
1182			
1183			
1184			
1185			
1186			
1187			
272			
273			
274			
275			
276			
277			
278			
279			
280			
4061			
4062			
4063			
4064			
4883			
4884			
4886			
4887			
4888			
4889			
4885			
4890			
4891			
4892			
4893			
4894			
4895			
4896			
2395			
2396			
2397			
637			
638			
639			
5280			
5281			
3576			
3577			
3578			
3579			
3580			
8404			
8405			
8406			
8407			
8408			
5363			
5364			
4369			
4370			
4371			
4372			
4373			
4374			
4375			
4376			
4377			
4378			
747			
748			
749			
750			
751			
757			
758			
752			
753			
754			
755			
756			
1867			
1868			
1869			
1870			
1871			
1872			
1873			
1874			
1875			
1876			
3333			
3334			
3335			
3336			
3337			
3338			
3339			
7664			
7665			
7666			
7667			
3340			
3341			
3342			
3343			
3100			
7428			
7429			
7430			
7431			
7432			
7433			
7434			
7435			
7436			
7437			
7438			
7439			
7440			
3101			
3102			
3103			
3104			
3105			
3106			
3107			
7441			
7442			
7443			
7444			
7445			
7446			
3108			
3109			
3110			
3111			
3112			
3113			
3114			
3115			
3116			
3117			
3118			
8860			
8861			
1291			
348			
349			
350			
351			
352			
353			
354			
355			
356			
357			
358			
359			
360			
361			
362			
363			
364			
365			
366			
367			
368			
369			
370			
371			
5486			
5487			
4175			
4176			
4177			
4178			
4179			
4180			
4181			
4182			
4183			
4184			
4185			
4186			
4187			
4188			
4189			
4190			
4191			
4192			
4193			
4194			
4195			
4196			
4197			
4198			
345			
346			
347			
8988			
8986			
8987			
1693			
1694			
1695			
1696			
1697			
1698			
1699			
1700			
6744			
6745			
6746			
6747			
6748			
6749			
2447			
2448			
2449			
4140			
4141			
218			
7278			
7279			
7280			
7281			
7282			
7283			
7284			
7285			
2904			
2905			
2906			
2907			
2908			
2909			
2910			
2911			
2912			
5326			
5327			
5328			
5329			
5330			
5331			
5332			
5333			
5334			
5335			
5336			
5337			
5338			
5339			
5340			
5341			
5342			
5343			
5344			
5345			
3778			
3779			
3780			
2992			
2993			
2934			
2935			
2936			
7301			
7302			
7303			
5189			
5190			
5191			
5192			
5193			
7593			
5194			
5195			
5196			
5197			
5198			
5199			
5200			
5201			
7594			
7595			
7596			
7597			
7598			
7599			
7600			
7601			
7602			
5202			
7603			
7604			
7605			
7606			
5203			
5204			
7607			
7608			
7609			
7610			
5205			
7611			
7612			
7613			
7614			
3223			
3224			
3225			
3226			
3227			
2786			
2787			
2788			
2789			
2790			
2791			
2792			
2793			
2794			
5974			
5975			
5976			
5977			
5978			
1549			
1550			
1551			
5979			
5980			
5981			
1552			
1145			
1146			
1147			
1148			
5690			
1149			
1150			
1049			
4412			
4413			
4414			
4415			
4416			
4417			
4418			
4419			
4420			
4421			
4422			
4423			
4424			
4425			
4426			
4427			
4429			
4428			
4430			
4431			
4432			
4433			
4434			
4435			
4436			
4437			
4438			
4439			
1050			
1051			
1052			
1053			
1054			
1055			
1056			
1057			
1058			
1059			
1060			
1061			
439			
440			
441			
4225			
4226			
4227			
4228			
4229			
4230			
4231			
4232			
4233			
4234			
4235			
4236			
4237			
4238			
4239			
4240			
4241			
4242			
4243			
4244			
4245			
4246			
4247			
4248			
4249			
4250			
4251			
4252			
4253			
7359			
7360			
7361			
7362			
7363			
3018			
7364			
3019			
3020			
3021			
3022			
8515			
8516			
8517			
8518			
8519			
8520			
8521			
8522			
3938			
3939			
3940			
1498			
4674			
4675			
4676			
4677			
4678			
5936			
4679			
5937			
5938			
5939			
4680			
5940			
5941			
5942			
1499			
1500			
1501			
4681			
4682			
5943			
4683			
5944			
4684			
4685			
4686			
4687			
4688			
4689			
5949			
5945			
5946			
5947			
5948			
4690			
1502			
1503			
1504			
1505			
2116			
2117			
2118			
2119			
2120			
7024			
7025			
7026			
7027			
7028			
7029			
7030			
7031			
2706			
2707			
2708			
2709			
4401			
4402			
1026			
1027			
1028			
1029			
1030			
1031			
1032			
1033			
1034			
1035			
1036			
1037			
1038			
1039			
4611			
4612			
4613			
4614			
4615			
4616			
4617			
5874			
5875			
5876			
5877			
5878			
5879			
5880			
5881			
5882			
5883			
4618			
4619			
4620			
1432			
1433			
1434			
1435			
1436			
1437			
1438			
7217			
7218			
7219			
7220			
7221			
7222			
7223			
7224			
7225			
7226			
7227			
7228			
2862			
7239			
7229			
7230			
7231			
7232			
7233			
7234			
7235			
7236			
7237			
7238			
2863			
2864			
5068			
5069			
5070			
5071			
5072			
5073			
5074			
5075			
5076			
5077			
2865			
2866			
2867			
2868			
4755			
4756			
4757			
4758			
4759			
4760			
4761			
4762			
4763			
4764			
1985			
1986			
1987			
1988			
1989			
1990			
1991			
1992			
1993			
1994			
1995			
1996			
1997			
1998			
3985			
8880			
3986			
3987			
3988			
3989			
3990			
3991			
8572			
3992			
8573			
3993			
8574			
3994			
8575			
3995			
3996			
3997			
8576			
8577			
8578			
8579			
8580			
8581			
8582			
8583			
8584			
3998			
8585			
8586			
8587			
2078			
468			
4254			
4255			
4256			
469			
470			
8492			
8493			
8494			
3924			
3925			
8495			
3926			
3927			
3928			
3929			
4708			
4709			
4710			
4711			
4712			
4713			
4714			
4715			
1594			
1595			
1596			
1597			
1598			
1599			
1600			
1601			
1602			
1603			
7477			
7478			
7479			
7480			
3141			
5605			
5606			
5607			
5608			
5609			
5610			
5611			
5612			
857			
4380			
4381			
858			
859			
860			
861			
862			
863			
864			
865			
866			
867			
868			
869			
951			
952			
953			
954			
955			
956			
957			
4667			
4668			
5927			
5928			
5929			
5930			
5931			
4669			
5932			
4670			
4671			
4672			
4673			
5933			
5934			
5935			
1488			
1489			
8619			
8620			
8621			
8622			
8623			
8624			
4033			
4032			
2869			
2870			
2871			
2872			
2873			
2874			
263			
264			
265			
266			
267			
268			
2188			
3748			
3749			
3750			
6659			
6660			
6661			
6662			
6663			
6664			
2358			
2359			
2360			
2361			
6665			
6666			
6667			
6668			
471			
728			
729			
730			
731			
732			
733			
8757			
8758			
8722			
989			
990			
13			
14			
15			
1823			
1824			
1825			
1826			
1827			
1828			
1829			
1830			
1831			
1832			
1833			
1834			
1835			
5505			
5506			
332			
333			
334			
2227			
177			
178			
7501			
7502			
7503			
7504			
7505			
7506			
7507			
7508			
7509			
7510			
3151			
7511			
7512			
3152			
3153			
1284			
1280			
1281			
1282			
1283			
1290			
1285			
1289			
1286			
1287			
1288			
301			
302			
303			
304			
2253			
1820			
1821			
1822			
2393			
2394			
4920			
4921			
4922			
4923			
4924			
4925			
4926			
2479			
2480			
2481			
2482			
2483			
2484			
2485			
1373			
1374			
1375			
1376			
1377			
1378			
1379			
1380			
5367			
5368			
5369			
5370			
3892			
5371			
5372			
5373			
5374			
3893			
3894			
3895			
3896			
3897			
8425			
8426			
8427			
8428			
8429			
3898			
3899			
3900			
3901			
8430			
8431			
8432			
8433			
8434			
3902			
3903			
3875			
3876			
4581			
4582			
5813			
5808			
5809			
5814			
5810			
5811			
5812			
4583			
4584			
4585			
4586			
4587			
4588			
4589			
4590			
4591			
4599			
4594			
4595			
4596			
4597			
4598			
4600			
4601			
4602			
4603			
4604			
4605			
4592			
4593			
1399			
5815			
1400			
1401			
1402			
1403			
1404			
1405			
1406			
3653			
3654			
8076			
3655			
3656			
8077			
8078			
8079			
8080			
8081			
8082			
8083			
8084			
8085			
8086			
8087			
8088			
3657			
8089			
8090			
8091			
8092			
3658			
8093			
8094			
8095			
3659			
1894			
1895			
1896			
1897			
1908			
1898			
1899			
1900			
1901			
1902			
1903			
1904			
1905			
1906			
1907			
3173			
257			
258			
259			
6549			
6550			
6551			
6552			
6553			
6554			
6555			
6556			
6557			
6558			
2219			
2220			
2221			
2222			
2223			
5843			
5844			
5845			
5846			
5847			
5848			
5849			
5850			
5851			
1422			
1423			
1518			
1519			
1520			
5957			
5958			
5959			
5960			
5961			
1521			
1522			
1523			
1524			
1525			
1526			
1527			
1528			
1529			
1530			
1531			
1532			
1533			
1534			
1535			
1536			
1537			
1538			
8833			
1583			
1584			
2525			
2526			
6819			
6820			
6821			
6822			
6823			
6824			
6825			
2527			
2528			
2529			
6826			
6827			
6828			
6829			
6830			
6831			
6832			
2530			
2531			
2532			
6602			
6603			
6604			
6605			
2245			
8754			
8755			
8756			
3771			
3772			
3773			
3774			
3775			
3776			
8205			
8206			
4858			
4859			
4860			
4861			
4862			
4863			
4864			
4865			
4866			
4867			
6628			
6629			
4868			
4869			
2283			
1473			
1474			
1475			
1476			
1477			
1478			
1230			
1229			
1231			
1232			
1233			
2592			
2593			
2594			
2595			
2596			
2597			
2598			
2599			
2600			
2601			
2602			
422			
4265			
4266			
4267			
4268			
4269			
4270			
4271			
4272			
4273			
4274			
4275			
4276			
4277			
4278			
498			
499			
500			
501			
1815			
1816			
1817			
1818			
8786			
2590			
7351			
7352			
2981			
2982			
2983			
2984			
2985			
2986			
2987			
2988			
2989			
2990			
7353			
7354			
7355			
2672			
2688			
6995			
6996			
6997			
6998			
2673			
2674			
2675			
2676			
2677			
2678			
2679			
2680			
2681			
2682			
2683			
2684			
2685			
2686			
2687			
991			
992			
993			
994			
995			
996			
6589			
6590			
6591			
6592			
6593			
2235			
2236			
2237			
4827			
4828			
4829			
4830			
4831			
6510			
6511			
4832			
6512			
2189			
2190			
2191			
2192			
2193			
5450			
5451			
5452			
5453			
5454			
5455			
5456			
5457			
5458			
5459			
5460			
5461			
5462			
8819			
8820			
8821			
8822			
8823			
8824			
8825			
8826			
8827			
8828			
8829			
5463			
5464			
5465			
5466			
5467			
5468			
4085			
4086			
4087			
4088			
4089			
5078			
5079			
7262			
7263			
7264			
5080			
5081			
5082			
5083			
5084			
5085			
5086			
5087			
5088			
5089			
5090			
5091			
7265			
7266			
7267			
7268			
7269			
7270			
5092			
5093			
5094			
5095			
5096			
5097			
3275			
3276			
3277			
3278			
3279			
3280			
3281			
3282			
3283			
3284			
7658			
3285			
3286			
3287			
8703			
8704			
8705			
8706			
8707			
4101			
4102			
4103			
4104			
3288			
8805			
8806			
8807			
3289			
8808			
8809			
8810			
3290			
8803			
8804			
3291			
3292			
8811			
3293			
8813			
8814			
8815			
8812			
3294			
8816			
3295			
8817			
3296			
6736			
6737			
6750			
6738			
6739			
6740			
6741			
6742			
6743			
2440			
2441			
2442			
2443			
2444			
2445			
2446			
8254			
8250			
8251			
8252			
8253			
8255			
8256			
8257			
3816			
3817			
8258			
8259			
8260			
8261			
8262			
8263			
8264			
8265			
3818			
8266			
3819			
6120			
6121			
6122			
6123			
6124			
6125			
6126			
6127			
6128			
6129			
1734			
1740			
1735			
1736			
1737			
1738			
2622			
2623			
8985			
3460			
3461			
7820			
7821			
3462			
7822			
7823			
7824			
3463			
7825			
7826			
7827			
7828			
7829			
7830			
7831			
3464			
7832			
7833			
7834			
7835			
7836			
3465			
2151			
2152			
2153			
4397			
5630			
5626			
5627			
5628			
5629			
4398			
4399			
4400			
966			
967			
968			
969			
970			
971			
972			
973			
974			
975			
976			
977			
978			
979			
980			
981			
8114			
8115			
8116			
8117			
8118			
8119			
3704			
3705			
3706			
3707			
4906			
4907			
4908			
4909			
4910			
4911			
4912			
2420			
2421			
2422			
2423			
2424			
2425			
2426			
2427			
2428			
2429			
2430			
8768			
2431			
2432			
4199			
4200			
4201			
4202			
4203			
4204			
4205			
400			
997			
998			
999			
1000			
1001			
1002			
1003			
1004			
1005			
1006			
1007			
1008			
1009			
1010			
1011			
1012			
1013			
1014			
1015			
1016			
1017			
1018			
1019			
1020			
1021			
1022			
1023			
1024			
1025			
5840			
5829			
5830			
5831			
5832			
5833			
5834			
5835			
5836			
5837			
5838			
5839			
5841			
5842			
1416			
1417			
1418			
1419			
6187			
6188			
1795			
1796			
1797			
1798			
1799			
6189			
1800			
1801			
6542			
6543			
6544			
6545			
6546			
6547			
6548			
2216			
2217			
2218			
7519			
7520			
7521			
7522			
7523			
7524			
7525			
7526			
7527			
7528			
7529			
7530			
7531			
7532			
3164			
3165			
5147			
5148			
5149			
5150			
5151			
5152			
5153			
5154			
5155			
3166			
7533			
3167			
3168			
6585			
6586			
6587			
6588			
2234			
6787			
6788			
6789			
6790			
6791			
2471			
2472			
2473			
2474			
6473			
6474			
6475			
6476			
6477			
6478			
2154			
2155			
2156			
2157			
2158			
2159			
6433			
6434			
6435			
6436			
6437			
2090			
2091			
8106			
8107			
8108			
3687			
3688			
3689			
3690			
3691			
3692			
3693			
5584			
5585			
5586			
770			
771			
772			
5587			
773			
8373			
8374			
8375			
3874			
6606			
6607			
6608			
6609			
2246			
2247			
2248			
2249			
2250			
854			
855			
856			
7295			
7296			
7297			
7298			
7299			
2919			
2920			
2921			
2922			
2923			
2924			
2925			
2926			
2927			
2928			
8766			
8767			
7300			
2929			
2930			
2931			
2932			
2933			
7304			
7305			
7306			
7307			
7308			
7309			
7310			
2937			
2938			
2939			
2940			
7311			
7312			
7313			
8970			
8971			
8972			
5560			
5561			
5562			
5563			
5564			
4326			
4327			
4328			
4329			
5565			
5566			
4330			
4331			
4332			
4333			
4334			
5567			
5568			
4335			
4336			
4337			
4338			
610			
5569			
5570			
611			
612			
4382			
5622			
5623			
958			
959			
960			
4383			
4384			
4385			
4386			
5624			
4387			
4388			
4389			
4390			
4391			
4392			
4393			
4394			
4395			
4396			
961			
962			
963			
5625			
6416			
6417			
6418			
6419			
6420			
6421			
6422			
6423			
6424			
6425			
6426			
6427			
6428			
6429			
6430			
6431			
6432			
2089			
7551			
7552			
7553			
7554			
3187			
7555			
7556			
2262			
2263			
8759			
8760			
8761			
8762			
627			
628			
629			
630			
631			
7314			
7315			
7316			
7317			
2941			
7318			
7319			
7320			
7321			
2942			
2943			
2944			
4649			
4650			
4651			
4652			
4653			
4654			
4655			
4656			
4657			
4658			
5900			
5901			
1465			
1466			
5902			
5903			
1467			
1468			
1469			
1470			
5904			
1471			
1472			
4913			
4914			
4915			
4916			
4917			
4918			
4919			
6733			
6734			
6735			
2435			
2436			
2437			
2438			
2439			
3677			
7365			
7366			
7367			
7368			
7542			
7543			
7544			
7545			
7546			
3182			
3183			
3184			
3185			
7548			
7547			
7549			
7550			
3186			
1268			
1269			
1270			
1271			
1272			
2362			
7422			
7423			
7424			
7425			
7426			
7427			
3091			
3092			
3093			
5480			
5481			
5482			
5483			
91			
92			
93			
94			
95			
7258			
7251			
7252			
7253			
7254			
7255			
7256			
7257			
2885			
2886			
2887			
2888			
2889			
2890			
2891			
2892			
7259			
7260			
7261			
2893			
2894			
2895			
2896			
7271			
7272			
7273			
7274			
7275			
7276			
7277			
4441			
4440			
1062			
1063			
1064			
1065			
1066			
6109			
6110			
6111			
6112			
6113			
6114			
6115			
6116			
6117			
6118			
6119			
1720			
1721			
1722			
1723			
1724			
1725			
1848			
1849			
1850			
1851			
1852			
1853			
1855			
1854			
1856			
1857			
1858			
1859			
1860			
1861			
1862			
1863			
806			
807			
808			
809			
5593			
5594			
810			
5595			
811			
812			
813			
6372			
6373			
6374			
2002			
560			
561			
562			
563			
564			
941			
1883			
1884			
1885			
1886			
1887			
1888			
3057			
3058			
3059			
3060			
3142			
3143			
7481			
7482			
7483			
7484			
3144			
3145			
3146			
3147			
2591			
6904			
6905			
6906			
6907			
6908			
6909			
6910			
7668			
7669			
2176			
1910			
1911			
1085			
1086			
1087			
1088			
1089			
1090			
6103			
6104			
6105			
6106			
6107			
6108			
1684			
1685			
1686			
1687			
5549			
5550			
5551			
543			
544			
545			
546			
547			
5179			
5180			
5181			
5182			
5183			
5184			
5185			
5186			
5187			
5188			
7578			
7579			
7580			
7581			
3213			
3214			
8325			
8326			
8327			
8328			
8329			
8330			
8331			
3756			
6269			
6270			
6271			
6272			
6273			
6274			
6275			
1912			
1913			
1914			
1915			
5171			
5172			
5173			
5174			
5175			
5176			
5177			
5178			
3207			
3208			
3209			
3210			
3211			
3212			
7574			
7575			
7576			
7577			
5709			
5710			
5711			
5712			
5713			
5714			
5715			
5721			
5716			
5717			
5718			
5719			
5720			
1252			
1253			
1254			
1255			
1256			
1257			
1258			
5613			
925			
926			
927			
928			
929			
930			
931			
932			
933			
934			
935			
936			
937			
938			
939			
940			
8753			
3353			
3354			
7684			
7685			
7686			
7687			
7688			
3355			
7689			
7690			
7691			
3356			
2376			
2377			
2378			
2379			
2380			
2381			
2382			
2383			
2384			
2385			
2386			
2387			
2388			
2389			
7583			
7582			
3216			
3217			
5024			
5025			
5026			
5027			
5028			
5029			
5030			
5031			
5032			
5033			
5034			
5035			
5036			
5037			
7084			
7085			
7086			
7087			
7088			
7089			
7090			
5038			
5039			
7091			
7092			
7093			
5040			
5041			
7094			
7095			
5042			
2771			
2772			
2773			
2774			
6320			
6321			
6322			
6323			
6324			
1934			
6325			
1935			
1936			
1937			
2077			
2074			
2075			
2076			
1679			
1680			
1681			
1682			
1683			
3004			
3005			
5044			
5045			
5046			
5047			
5048			
5049			
5050			
5051			
5052			
5053			
5054			
5055			
5056			
2801			
2802			
2803			
2804			
2805			
2806			
8748			
8749			
8750			
8751			
2807			
2808			
2809			
2810			
2811			
2812			
2813			
2814			
6833			
6834			
6835			
6836			
6837			
2537			
2538			
6838			
6839			
2539			
2540			
2541			
6842			
6840			
6841			
2542			
2543			
6843			
6844			
6845			
6846			
6847			
6848			
6849			
6850			
6851			
2544			
2545			
2546			
2547			
6852			
6853			
6854			
6855			
6856			
2548			
2549			
2550			
2551			
2552			
2553			
2305			
2306			
2307			
709			
710			
8776			
8777			
8778			
8779			
8780			
8781			
8782			
711			
712			
713			
714			
715			
716			
717			
718			
719			
720			
721			
722			
723			
724			
725			
726			
8470			
8471			
8472			
8473			
8474			
8475			
8476			
3920			
3921			
3503			
3504			
3505			
6442			
6443			
6444			
6445			
6446			
6447			
2096			
2097			
2098			
2099			
2100			
5273			
5274			
5275			
5276			
5277			
5278			
5279			
3570			
3571			
3572			
3573			
8714			
8715			
3574			
8716			
8717			
8718			
3575			
4935			
4927			
4928			
4929			
4930			
4931			
4932			
4933			
4934			
2487			
2488			
6711			
6712			
6713			
6714			
6715			
6716			
6717			
2410			
2411			
2412			
502			
503			
504			
505			
506			
507			
508			
509			
510			
511			
512			
6649			
6650			
6651			
6652			
6653			
6654			
6655			
2336			
2337			
2338			
2339			
2340			
2354			
2355			
2356			
2357			
7035			
7036			
7037			
7038			
7039			
7040			
7041			
7042			
2737			
2738			
2739			
2230			
4842			
4843			
4844			
4845			
4846			
4847			
4848			
4849			
4850			
4851			
4852			
4853			
2231			
2232			
2233			
6761			
6762			
6763			
6764			
6765			
6766			
6767			
6768			
6782			
6769			
2462			
2463			
2464			
6297			
6298			
6299			
6300			
6301			
6302			
6303			
6304			
6305			
6306			
6307			
6308			
6309			
6310			
6311			
6312			
6313			
6314			
1924			
1925			
1926			
1927			
1928			
1929			
1930			
1931			
6396			
6397			
2064			
2065			
2066			
2067			
2068			
2069			
2070			
2071			
2072			
2073			
4621			
4622			
4623			
4624			
4625			
4626			
4627			
4628			
4629			
4630			
4631			
4632			
4633			
4634			
4635			
4636			
4637			
4638			
4639			
4640			
4641			
5884			
5885			
5886			
5887			
5888			
5889			
5890			
5891			
5892			
4642			
4643			
4644			
4645			
4646			
4647			
5893			
5894			
4648			
5895			
5896			
1452			
1453			
1454			
1455			
1456			
1457			
1152			
5691			
5692			
5693			
5694			
1153			
1154			
1138			
1139			
1140			
1141			
1142			
3610			
3611			
3612			
3613			
3614			
3615			
3616			
3617			
3445			
8902			
3446			
3447			
3448			
8903			
3449			
3450			
8904			
3451			
212			
213			
5982			
5983			
5984			
5985			
5986			
5987			
5988			
1553			
1554			
1555			
1556			
7619			
7620			
7621			
7622			
7623			
5206			
5207			
7624			
7625			
7626			
7627			
7628			
7629			
7630			
7631			
5208			
5209			
5424			
5425			
5426			
5427			
5428			
5429			
5430			
5431			
3982			
5614			
5615			
5616			
942			
943			
944			
5617			
5618			
5619			
5620			
5621			
945			
946			
947			
948			
4778			
4779			
4780			
6390			
4781			
4782			
4783			
4784			
4785			
6393			
6391			
6392			
6394			
6395			
2047			
2053			
2048			
2049			
2050			
2051			
2052			
7067			
7068			
7069			
7070			
7071			
7072			
2752			
2753			
2754			
2755			
2267			
2268			
2269			
2270			
2271			
2272			
2273			
2274			
284			
285			
8935			
8936			
3383			
8937			
8938			
8939			
8940			
2314			
2315			
2316			
2317			
2318			
2319			
2320			
2321			
2322			
2323			
2324			
2325			
2326			
2327			
2328			
2329			
2330			
2331			
2332			
2333			
2334			
2335			
3529			
7922			
7923			
7924			
7925			
7926			
7927			
3530			
7928			
7929			
7930			
7931			
7932			
7933			
7934			
7935			
7936			
7937			
7938			
3531			
7939			
7940			
7941			
7942			
3532			
7943			
3533			
7944			
3534			
7945			
3472			
3473			
3474			
3475			
3476			
3477			
3478			
6806			
6807			
6808			
2500			
6809			
2501			
2502			
2503			
2504			
2702			
2703			
1701			
1702			
1703			
1704			
1705			
1706			
1707			
1708			
1709			
1710			
1711			
1712			
1713			
1714			
1715			
1717			
1716			
1718			
1719			
5787			
5789			
5790			
5791			
5792			
5793			
5794			
5795			
5796			
5797			
5798			
5799			
5800			
5801			
5802			
5803			
5804			
5805			
5806			
5807			
6018			
6019			
6020			
6021			
6022			
1604			
1605			
6023			
1606			
1607			
1608			
1609			
1610			
1611			
1612			
1613			
1614			
1615			
1616			
1617			
1618			
5666			
5667			
5668			
5669			
5670			
5671			
1098			
1099			
1100			
1101			
1102			
2614			
2615			
2616			
2617			
2618			
2619			
2620			
2621			
2649			
4955			
4956			
4957			
4958			
4959			
6973			
6974			
6975			
6976			
6977			
4960			
4961			
4962			
6978			
6979			
4963			
4964			
2650			
2651			
2652			
2653			
6980			
6981			
6982			
6983			
6984			
6985			
2654			
2655			
2656			
2657			
5680			
5681			
5682			
5683			
4872			
4873			
4874			
4875			
4876			
4877			
4878			
4879			
6670			
6671			
6672			
6673			
4880			
4881			
2364			
2365			
2366			
6677			
6674			
6675			
6676			
1490			
1491			
1492			
1493			
1494			
1495			
1496			
1497			
4936			
4937			
4938			
4939			
4940			
6812			
6813			
6814			
6815			
6816			
2519			
2520			
6817			
2521			
2522			
6818			
2523			
4492			
4493			
4494			
4495			
4496			
4497			
4498			
4499			
4500			
4501			
4502			
4503			
1157			
1158			
1159			
1160			
1161			
6794			
6795			
6796			
2489			
2490			
2491			
2492			
6617			
6618			
6619			
6620			
6621			
6622			
2261			
853			
6281			
6282			
6283			
6284			
6276			
6277			
6278			
6279			
6280			
1916			
1917			
3768			
3769			
3770			
2295			
2296			
6641			
6642			
6643			
6644			
6645			
6646			
6647			
6648			
2297			
6024			
6025			
6026			
6027			
6028			
6029			
6030			
6031			
6032			
1619			
4509			
4510			
4511			
4512			
4513			
4514			
4515			
4516			
4517			
4518			
4519			
4520			
4521			
4522			
4523			
4524			
4525			
4526			
4527			
4528			
4529			
1309			
1310			
1311			
7080			
7081			
7082			
7083			
2769			
2770			
5756			
5757			
5758			
1353			
1354			
1355			
1356			
1357			
1358			
5534			
5535			
5536			
5537			
495			
496			
194			
195			
196			
197			
198			
199			
200			
201			
202			
203			
204			
205			
206			
207			
208			
209			
8063			
8064			
8065			
8066			
8067			
8068			
8069			
8070			
3648			
3649			
8381			
8382			
8383			
8384			
8385			
8386			
3879			
3880			
3881			
4897			
4898			
4899			
4900			
4901			
4902			
4903			
4904			
4905			
2419			
2418			
6934			
6935			
6936			
6937			
6942			
6938			
6939			
6940			
6941			
2627			
6943			
6944			
8993			
6945			
8994			
2628			
6946			
5735			
5736			
5737			
5738			
5739			
5740			
5741			
5742			
5743			
5744			
1329			
1330			
1331			
1323			
1324			
1325			
1326			
1327			
1328			
7491			
7490			
7492			
7493			
7494			
7495			
7496			
7497			
7498			
7499			
7500			
3148			
3149			
3150			
1786			
1787			
1788			
6185			
6186			
1789			
1790			
1791			
1792			
1793			
1794			
8477			
8478			
8479			
8480			
8481			
8482			
8483			
8484			
8485			
8486			
8487			
8488			
8489			
8490			
8491			
459			
9			
5469			
5470			
372			
373			
374			
375			
376			
377			
378			
10			
11			
12			
6064			
6065			
6066			
6067			
6068			
6069			
1653			
9019			
6070			
6071			
1654			
5471			
5472			
5473			
5474			
5475			
5476			
16			
17			
8799			
8800			
8801			
64			
65			
8802			
66			
67			
68			
6786			
5156			
5157			
5158			
3169			
8911			
1688			
1689			
1690			
1691			
2494			
3188			
816			
814			
815			
817			
4379			
1292			
1293			
1462			
1295			
1296			
1297			
1298			
1299			
1300			
1301			
1302			
1303			
1304			
1305			
1306			
5519			
401			
402			
403			
404			
405			
406			
63			
62			
2497			
2498			
2499			
7798			
7799			
7800			
7801			
7802			
7803			
7804			
7805			
7806			
7807			
3420			
3421			
3422			
3423			
3424			
2238			
2239			
3435			
3436			
3437			
3438			
3439			
2840			
7176			
7177			
7178			
7179			
7180			
7181			
7182			
5064			
5065			
7187			
7183			
7184			
7185			
7186			
5066			
5067			
2841			
2842			
7188			
7189			
7190			
7191			
7192			
7193			
2843			
2844			
2845			
2846			
2847			
2848			
2849			
7194			
7195			
7196			
7197			
2850			
2851			
7356			
7357			
2996			
2997			
7358			
2998			
2999			
3000			
3001			
8653			
8654			
8655			
8656			
8657			
4078			
8658			
8659			
8660			
8661			
1259			
1260			
1261			
8056			
8057			
8058			
8059			
8060			
8061			
8062			
3646			
3647			
835			
836			
837			
838			
839			
840			
7708			
7709			
7710			
7711			
7712			
7713			
7714			
7715			
7716			
7717			
7718			
3368			
3369			
176			
442			
443			
444			
6911			
6912			
6913			
6914			
6915			
2606			
2607			
2608			
2609			
2610			
1365			
1366			
1367			
9021			
1368			
1785			
7240			
7241			
7242			
7243			
7244			
7245			
7246			
7247			
7248			
2876			
2877			
2878			
2879			
2880			
2346			
2347			
6986			
6987			
6988			
6989			
6990			
6991			
6992			
6993			
6994			
2665			
2666			
2667			
2668			
2669			
2670			
2671			
8881			
2083			
2084			
2085			
7883			
7884			
7885			
7886			
8896			
8897			
7876			
7877			
7878			
7879			
3502			
7880			
7881			
7882			
3957			
3958			
3959			
3960			
2005			
2006			
2007			
2008			
2009			
2010			
2011			
2012			
2013			
2014			
2015			
2016			
2017			
2018			
2019			
4003			
4004			
69			
70			
71			
72			
73			
74			
75			
76			
78			
79			
80			
81			
82			
6692			
6693			
6694			
6695			
6696			
6697			
6698			
6699			
6700			
6701			
6702			
6703			
6704			
6705			
6706			
6707			
6708			
6709			
6710			
2405			
2406			
2407			
2408			
2409			
24			
31			
32			
33			
34			
35			
8928			
36			
37			
38			
39			
40			
41			
42			
43			
44			
45			
46			
47			
48			
49			
50			
51			
52			
53			
54			
55			
3094			
56			
57			
58			
59			
60			
61			
5477			
5478			
5479			
18			
6315			
6316			
6317			
6318			
6319			
1932			
5852			
5853			
5854			
5855			
5856			
5857			
5858			
5859			
5860			
5861			
4606			
4607			
5862			
5863			
5864			
5865			
5866			
5867			
5868			
5869			
5870			
5871			
5872			
5873			
4608			
4609			
4610			
1426			
1427			
1428			
1429			
1430			
1431			
83			
84			
85			
8943			
8944			
8945			
8946			
8947			
8948			
8949			
8950			
8951			
8952			
8953			
8954			
8955			
8956			
8957			
8958			
8959			
8960			
8961			
8962			
8963			
8964			
87			
88			
89			
90			
850			
96			
97			
98			
99			
100			
101			
102			
103			
104			
106			
107			
108			
109			
110			
111			
113			
114			
115			
116			
121			
122			
123			
124			
125			
126			
127			
131			
132			
133			
134			
135			
136			
137			
138			
139			
140			
4138			
179			
8978			
8979			
180			
181			
182			
183			
184			
185			
8868			
8869			
186			
187			
188			
189			
190			
191			
192			
214			
215			
216			
4139			
217			
219			
220			
221			
222			
8752			
223			
460			
229			
230			
231			
232			
233			
234			
235			
236			
237			
4142			
4143			
238			
239			
240			
241			
242			
245			
246			
247			
248			
249			
250			
251			
252			
253			
254			
255			
256			
447			
448			
449			
870			
3777			
5015			
5016			
5017			
5018			
5019			
5020			
5021			
5022			
5023			
7032			
7033			
7034			
2726			
2727			
2728			
2729			
2730			
2731			
2732			
2733			
2020			
2021			
2022			
2023			
2024			
704			
705			
706			
707			
708			
260			
8878			
8879			
262			
291			
292			
293			
294			
305			
5503			
321			
5504			
323			
324			
325			
326			
327			
328			
329			
330			
331			
3608			
2734			
2603			
2604			
2605			
2639			
2640			
2641			
2642			
3417			
3418			
3419			
3853			
8322			
8323			
8324			
5442			
5443			
5444			
5445			
5446			
5447			
5448			
4051			
4052			
4053			
4054			
4055			
4056			
4057			
4058			
5588			
5589			
5590			
5591			
774			
775			
776			
777			
778			
779			
780			
781			
782			
783			
784			
785			
786			
787			
4059			
4060			
6072			
6073			
6074			
6075			
6076			
1655			
6077			
1656			
1657			
1658			
6078			
1659			
1660			
336			
8450			
8451			
8452			
8453			
8454			
3907			
3908			
3909			
3910			
8455			
3911			
8456			
8457			
8924			
2194			
2195			
2196			
2197			
3839			
8290			
8291			
8292			
8293			
8294			
8295			
8296			
8297			
5358			
5359			
8298			
8299			
8300			
8301			
8302			
5360			
5361			
3840			
3841			
3842			
3843			
8886			
3844			
1448			
1449			
1450			
1451			
2141			
2142			
2143			
7791			
7792			
7793			
7794			
7795			
7796			
7797			
3410			
3411			
3412			
3413			
3414			
9022			
9023			
9024			
3415			
3416			
6569			
6570			
6571			
6572			
2224			
2225			
2226			
6438			
6439			
6440			
6441			
2092			
2093			
2094			
2095			
6080			
6081			
6082			
6083			
6084			
6085			
6086			
6087			
6088			
6089			
6090			
6091			
6092			
6093			
6094			
6095			
6096			
6097			
6098			
6099			
6100			
6101			
1663			
1664			
1665			
6102			
1666			
1667			
1668			
1669			
1670			
6517			
6518			
6519			
6520			
2208			
2209			
2210			
2211			
6521			
6522			
6523			
2212			
2213			
2214			
1262			
1263			
5722			
5723			
1264			
1265			
1266			
379			
5507			
5508			
5509			
5510			
5511			
5512			
380			
381			
382			
383			
386			
387			
8980			
8981			
8982			
388			
389			
390			
6398			
6399			
6400			
6401			
6402			
6403			
1351			
1352			
407			
8772			
408			
409			
410			
411			
412			
413			
1750			
1751			
1752			
1753			
768			
769			
8347			
8348			
8349			
8350			
3857			
3858			
3999			
4000			
4001			
5520			
5521			
5522			
5523			
5524			
5525			
415			
414			
421			
423			
9026			
4208			
4209			
4210			
4211			
5529			
5530			
4212			
4213			
4214			
4215			
4216			
4217			
4218			
4219			
4220			
5526			
5527			
5528			
4221			
4222			
4223			
4224			
424			
425			
426			
427			
437			
438			
445			
450			
451			
452			
453			
454			
455			
456			
457			
458			
461			
462			
463			
464			
465			
472			
473			
474			
475			
476			
477			
478			
479			
483			
484			
485			
486			
487			
488			
489			
490			
491			
492			
5531			
5532			
5533			
4257			
4258			
4259			
4260			
4261			
4262			
4263			
4264			
493			
494			
497			
4279			
513			
514			
4040			
4041			
1359			
1360			
1361			
1362			
1363			
1364			
8536			
8537			
5291			
5292			
5293			
5294			
5295			
5296			
5297			
5298			
3678			
3679			
3680			
3681			
3682			
3683			
3684			
3685			
3686			
8905			
517			
518			
519			
520			
521			
8376			
8377			
8378			
8379			
8380			
3877			
5540			
5541			
5542			
5543			
5544			
5545			
5546			
5547			
5548			
524			
525			
526			
527			
528			
4108			
4109			
4110			
529			
530			
531			
532			
533			
534			
535			
4748			
4295			
4296			
4297			
4298			
4299			
4300			
4301			
4302			
536			
537			
538			
539			
540			
541			
542			
5552			
5553			
5554			
5555			
548			
549			
550			
551			
552			
553			
554			
555			
556			
557			
558			
565			
566			
567			
568			
569			
570			
571			
572			
573			
574			
575			
576			
577			
578			
579			
580			
581			
582			
583			
584			
596			
5571			
5572			
8523			
8524			
8525			
8526			
8527			
8528			
3941			
684			
685			
686			
687			
4365			
4366			
4367			
4368			
688			
689			
613			
614			
615			
616			
617			
6159			
6160			
6161			
6162			
6163			
6164			
6165			
4737			
4738			
1761			
1762			
7132			
7133			
7134			
7135			
7136			
7137			
7138			
7139			
7140			
7141			
7142			
2819			
2820			
2821			
2822			
2823			
2824			
5234			
5235			
5236			
5237			
5238			
5239			
5240			
5241			
5242			
5243			
5244			
5245			
5246			
5247			
5248			
5249			
5250			
5251			
3453			
3454			
3455			
3456			
3457			
3458			
3459			
2257			
5432			
5433			
5434			
5435			
5436			
5437			
5438			
5439			
5440			
5441			
4034			
4035			
4036			
4037			
8719			
4038			
4039			
3025			
626			
4079			
4080			
5724			
5725			
5726			
5727			
5728			
5729			
5730			
5731			
5732			
5733			
5734			
1322			
5260			
5261			
5262			
5263			
5264			
3506			
3507			
3508			
3509			
1390			
6179			
6177			
6178			
1775			
1776			
1777			
1778			
6201			
6202			
4747			
1806			
4740			
4741			
4742			
4743			
4744			
4745			
4746			
1807			
1808			
1809			
1810			
1811			
6959			
6960			
2450			
2451			
2991			
7287			
7288			
7289			
7290			
7291			
7292			
7293			
7294			
6016			
6017			
8132			
8133			
8134			
8135			
8136			
3720			
3721			
3722			
3723			
803			
804			
805			
2457			
2458			
2459			
2460			
2461			
2121			
2122			
2123			
2124			
6457			
6458			
6459			
6460			
2125			
2126			
4364			
647			
4355			
4356			
4357			
4358			
4359			
4360			
4361			
4362			
4363			
648			
649			
650			
5579			
651			
652			
653			
654			
4659			
4660			
4661			
4662			
4663			
4664			
4665			
5905			
5906			
5907			
5908			
1479			
1480			
5909			
5910			
5911			
1481			
4768			
4769			
4770			
4771			
4772			
4773			
4774			
4775			
6385			
6386			
6387			
4776			
4777			
6388			
2042			
6389			
2043			
2044			
2045			
2046			
1841			
1842			
1843			
6255			
6256			
6257			
6258			
6259			
6260			
6261			
6262			
1889			
1890			
1891			
1892			
1893			
4066			
4067			
4068			
822			
823			
824			
825			
826			
827			
828			
4081			
4082			
8674			
8675			
8676			
8677			
8678			
8679			
4090			
1949			
1950			
1951			
6331			
6332			
6333			
6334			
6335			
6336			
1952			
1421			
2975			
2976			
2977			
2978			
5573			
5574			
632			
5575			
633			
634			
635			
636			
640			
641			
5576			
642			
643			
644			
645			
646			
655			
656			
4117			
657			
658			
659			
660			
661			
662			
663			
664			
665			
666			
667			
668			
881			
2398			
2399			
2400			
669			
670			
673			
674			
675			
676			
677			
678			
679			
680			
8863			
8736			
1103			
3244			
3245			
3246			
3247			
3248			
7863			
7864			
7865			
7866			
7867			
7868			
7869			
3494			
3495			
3496			
5000			
5001			
5002			
5003			
5004			
5005			
5006			
5007			
5008			
5009			
5010			
5011			
5012			
5013			
1234			
5014			
7615			
7616			
3228			
3229			
3230			
7987			
7988			
7989			
7990			
7991			
3583			
3584			
681			
5580			
682			
5581			
683			
690			
691			
4118			
697			
694			
695			
696			
699			
700			
698			
702			
701			
703			
5583			
5582			
6140			
1741			
1742			
8284			
8285			
8286			
8287			
8288			
8289			
3834			
3835			
3836			
3837			
727			
4112			
4113			
4114			
4115			
4116			
759			
760			
764			
765			
766			
767			
763			
788			
789			
5592			
790			
791			
792			
793			
794			
795			
796			
797			
798			
799			
800			
801			
802			
8862			
819			
820			
821			
829			
830			
831			
832			
833			
834			
841			
842			
843			
844			
845			
846			
847			
5596			
5597			
5598			
5599			
5600			
5601			
5602			
5603			
5604			
848			
849			
851			
852			
8721			
1516			
871			
872			
873			
874			
875			
876			
877			
878			
879			
880			
923			
924			
949			
950			
964			
965			
982			
983			
984			
985			
986			
987			
988			
7450			
7451			
7452			
1040			
1041			
1042			
1043			
4403			
4404			
4405			
4406			
4407			
4408			
4409			
4410			
5631			
5632			
4411			
1044			
1045			
1046			
1047			
1048			
1067			
1068			
5633			
5634			
5635			
5636			
5637			
1069			
1070			
1071			
1072			
1073			
8137			
8138			
8139			
8140			
8141			
3724			
3725			
3726			
3727			
1920			
6285			
6286			
6287			
6288			
6289			
6290			
6291			
6292			
6293			
6294			
6295			
6296			
8925			
8926			
4448			
4449			
4450			
4451			
4452			
4453			
4454			
4455			
4456			
4457			
4458			
5658			
5659			
5660			
5661			
5662			
1080			
1081			
1082			
1083			
1084			
5663			
5664			
5665			
1091			
1092			
1128			
1129			
5684			
5685			
5686			
1130			
5687			
5688			
5689			
4459			
4460			
4461			
4462			
4463			
4464			
4465			
4466			
4467			
4468			
4469			
4470			
4471			
4472			
4473			
4474			
4475			
4476			
4477			
4478			
4479			
4480			
4481			
4482			
4483			
4484			
4485			
4486			
4487			
4488			
4489			
4490			
4491			
1131			
1132			
1133			
1134			
1135			
1136			
1137			
7043			
7044			
7045			
7046			
7047			
7048			
2742			
2743			
2744			
2745			
2746			
1143			
1144			
1151			
1155			
1156			
1162			
4504			
1163			
1164			
1165			
1166			
1167			
1168			
1169			
1170			
1171			
1172			
1188			
5700			
5701			
1189			
1190			
1192			
1213			
1214			
1215			
1216			
1217			
1218			
1219			
1220			
1235			
5702			
5703			
5704			
5705			
1236			
1237			
1238			
1239			
1240			
1241			
1242			
1243			
1244			
1245			
1246			
1247			
1248			
5706			
5707			
5708			
1249			
1250			
1251			
1267			
1273			
1274			
1275			
1276			
1277			
1278			
1279			
1312			
1315			
1316			
1317			
1318			
1319			
1321			
1332			
1333			
5745			
5746			
1334			
1335			
1336			
5749			
5750			
5751			
5752			
5753			
5754			
5755			
1343			
1344			
1370			
5759			
5760			
1371			
1381			
5773			
5774			
5775			
5776			
5777			
5778			
5779			
5780			
5781			
1391			
1392			
1393			
5782			
1394			
4564			
4565			
4566			
4567			
4568			
4569			
4570			
4571			
4572			
4573			
4574			
4575			
4576			
4577			
4578			
4579			
4580			
1395			
1396			
1397			
5783			
5784			
5785			
5786			
1398			
5816			
5817			
5818			
5819			
5820			
5821			
5822			
5823			
5824			
5825			
5826			
5827			
5828			
1407			
1408			
1409			
1411			
1412			
1413			
1414			
1415			
1420			
1424			
1425			
3163			
1439			
1440			
1441			
1442			
1443			
1446			
1447			
1444			
1445			
5899			
5897			
5898			
1458			
1459			
1460			
1461			
1463			
1464			
5912			
5913			
5914			
5915			
5916			
5917			
5918			
5919			
5920			
5921			
5922			
5923			
5924			
5925			
5926			
1482			
1483			
1484			
1485			
1486			
1487			
1510			
1511			
1506			
1507			
1508			
1509			
5950			
1512			
1513			
5953			
5954			
5955			
5956			
1514			
1515			
1517			
4693			
4694			
4695			
4696			
4697			
4698			
4699			
4700			
4701			
4702			
4703			
5962			
5963			
5964			
5965			
5966			
5967			
4704			
5968			
5969			
4705			
4706			
4707			
5972			
5970			
5971			
1539			
5973			
1540			
1541			
1542			
1543			
1544			
1545			
1546			
1547			
1548			
1570			
1571			
1572			
1573			
1574			
1575			
1585			
1586			
1587			
1588			
5999			
6000			
6001			
6002			
6003			
6004			
6005			
6006			
6007			
1591			
1592			
1593			
6008			
6009			
6010			
6011			
6012			
6013			
6014			
6015			
6033			
1624			
1625			
1626			
1627			
1628			
1629			
1630			
1631			
1632			
1633			
1620			
1621			
1622			
1623			
6034			
6035			
6036			
6037			
6038			
6039			
1634			
1635			
1636			
6040			
6041			
6042			
6043			
6044			
1637			
1638			
1639			
1640			
1641			
1642			
6045			
1643			
1644			
1645			
1646			
6046			
6047			
6048			
6049			
6050			
6051			
6052			
6053			
6054			
6055			
1647			
1648			
1649			
1650			
1651			
6056			
6057			
6058			
6059			
6060			
6061			
6062			
6063			
1652			
1661			
1662			
6079			
1671			
1672			
1673			
1674			
1675			
1676			
1677			
1678			
1692			
1726			
1727			
1728			
1729			
1730			
1731			
8798			
1732			
1733			
1739			
1743			
6133			
6134			
6135			
6136			
6137			
1754			
6138			
6139			
1755			
6141			
6142			
6143			
6144			
6145			
6146			
6147			
6148			
6149			
6150			
6151			
6152			
6153			
6154			
1756			
1757			
1758			
1759			
1760			
6155			
6156			
6157			
6158			
6166			
6167			
6168			
6169			
6170			
4739			
1763			
1764			
1765			
1766			
1767			
6171			
6172			
6173			
6175			
6174			
6176			
1768			
1769			
1770			
1771			
1772			
1773			
1774			
1779			
6180			
6181			
6182			
6183			
6184			
1780			
1781			
1782			
1783			
1784			
6190			
6191			
6192			
6193			
6194			
6195			
6196			
6197			
6198			
6199			
6200			
1802			
1803			
1804			
1805			
6203			
6204			
6205			
6206			
6207			
6208			
6209			
6210			
6211			
6212			
6213			
6214			
6215			
6216			
6217			
6218			
6219			
6220			
6221			
1812			
1813			
6222			
6223			
6224			
6225			
1814			
1819			
6226			
6227			
6228			
6229			
6230			
6231			
6232			
6233			
6234			
6235			
6236			
6237			
6238			
6239			
6240			
6241			
6242			
6243			
1836			
1837			
1838			
1839			
1840			
6244			
6245			
1844			
1845			
1846			
1847			
1864			
1865			
6246			
6247			
6248			
6249			
6250			
6251			
6252			
6253			
6254			
1866			
1877			
1878			
1879			
1880			
1881			
1882			
6263			
6264			
6265			
6266			
6267			
6268			
1909			
1918			
1919			
1921			
8929			
8930			
8931			
8932			
8933			
8934			
1922			
1933			
6326			
6327			
6328			
6329			
6330			
1938			
1939			
1940			
1941			
1942			
1943			
1944			
8912			
1945			
1946			
1947			
1948			
1953			
8888			
8889			
8890			
8891			
1954			
1955			
1956			
1957			
1958			
1959			
8774			
8775			
1976			
1977			
1978			
1979			
6356			
6357			
6358			
6359			
6360			
1980			
1981			
1982			
1983			
1984			
4766			
4767			
2003			
2004			
2025			
2026			
2027			
2028			
2029			
8734			
6375			
6376			
6377			
6378			
2030			
8991			
8992			
8995			
2054			
2055			
2056			
2057			
2058			
2059			
2060			
2061			
2062			
2063			
6404			
6405			
6406			
6407			
6408			
2079			
6409			
6410			
6411			
6412			
6413			
6414			
6415			
4786			
4787			
2080			
8882			
8883			
8884			
2086			
2087			
2088			
2114			
6451			
6452			
6453			
6454			
6455			
6456			
2115			
2127			
2128			
2129			
2130			
2131			
6461			
6462			
6463			
6464			
2132			
2133			
2134			
2135			
2136			
2137			
2138			
2139			
2140			
2144			
2145			
2146			
2147			
6465			
6466			
6467			
6468			
6469			
6470			
6471			
6472			
2148			
2149			
2150			
2160			
2161			
2162			
2163			
2172			
2173			
2174			
2175			
6499			
6500			
6501			
6502			
6503			
6504			
2178			
2179			
2180			
2181			
2182			
2183			
6505			
6506			
6507			
6508			
6509			
2184			
2185			
2186			
2187			
2198			
2199			
2200			
6513			
6514			
6515			
6516			
2201			
2202			
2203			
6524			
6525			
6526			
6529			
6527			
6528			
6537			
2215			
6530			
6531			
6532			
6533			
6534			
6535			
6536			
6559			
6560			
6561			
6562			
6563			
6564			
6565			
6566			
6567			
6568			
6573			
6574			
6575			
6576			
6577			
2228			
2229			
6578			
6579			
6580			
6581			
6582			
6583			
6584			
6594			
6595			
6596			
6610			
6611			
2251			
2252			
6612			
6613			
4854			
4855			
4856			
2254			
2255			
2256			
2258			
6614			
6615			
6616			
2259			
2260			
6623			
6624			
6625			
6626			
6627			
2264			
2265			
2266			
2275			
2276			
2277			
2278			
2279			
2280			
2281			
2282			
2288			
2289			
2290			
2291			
2292			
2293			
2294			
2298			
2300			
2299			
2301			
2302			
2303			
2304			
2308			
2309			
9020			
2341			
2342			
2343			
2344			
2345			
8859			
6656			
6657			
6658			
2348			
4870			
4871			
2349			
2350			
2351			
2352			
2353			
2363			
6678			
6679			
6680			
2367			
2368			
6681			
6682			
6683			
6684			
4882			
2369			
2370			
6685			
6686			
2371			
2372			
2373			
2374			
2375			
6687			
6688			
6689			
6690			
6691			
8735			
2390			
2391			
2392			
8788			
2401			
2402			
2403			
2404			
6718			
6719			
6720			
6721			
6722			
6723			
6724			
6725			
6726			
2413			
2414			
2415			
2416			
6727			
6728			
6729			
6730			
6731			
6732			
2417			
2433			
2434			
6751			
6752			
6753			
6754			
6755			
6756			
6757			
6758			
6759			
6760			
2456			
2452			
2453			
2454			
2455			
8967			
8968			
8969			
2465			
2466			
2467			
6781			
6783			
6784			
6785			
2468			
2469			
2470			
2475			
2476			
2477			
2478			
6792			
6793			
2486			
6797			
6798			
6799			
6800			
6801			
2495			
6802			
6803			
6804			
6805			
2496			
2505			
6810			
6811			
2506			
2507			
2508			
2518			
2524			
8818			
2533			
2534			
2535			
2536			
2554			
2555			
2556			
2557			
2558			
2559			
6857			
6858			
6859			
6860			
2560			
2561			
6861			
6862			
6863			
6864			
6865			
6866			
6867			
6868			
2563			
2564			
2577			
2578			
2583			
2584			
2585			
2587			
2586			
6919			
6920			
6921			
6922			
6923			
6924			
6925			
6926			
6927			
6928			
6929			
6930			
6931			
6932			
6933			
2624			
2625			
2626			
2629			
6947			
6948			
6949			
6950			
6951			
6952			
6953			
2630			
2631			
2632			
2633			
6955			
6956			
6957			
6958			
2634			
2635			
2636			
4954			
6962			
6961			
2645			
2646			
6963			
6964			
6965			
6966			
6967			
6968			
6969			
6970			
6971			
6972			
2647			
2648			
4966			
4965			
2658			
2659			
2660			
2661			
2662			
2663			
2664			
2693			
8773			
2694			
2695			
2696			
2697			
7011			
7012			
7013			
7014			
7015			
7016			
7017			
7018			
2698			
2699			
2700			
2701			
4967			
7019			
7020			
7021			
7022			
7023			
4968			
4969			
2704			
2705			
2710			
2719			
2720			
2721			
2722			
2735			
2736			
2740			
2741			
7049			
7050			
7051			
2747			
7052			
7053			
7054			
7055			
7056			
7057			
7058			
7059			
7060			
7061			
7062			
7063			
7064			
2748			
2749			
2750			
2751			
7065			
7066			
2756			
7073			
7074			
7075			
7076			
7077			
2757			
2758			
7078			
7079			
2759			
2760			
2761			
2762			
2763			
2764			
2765			
2766			
2767			
2768			
7096			
7097			
7098			
7099			
7100			
7101			
2775			
2776			
2777			
8892			
8893			
7102			
7103			
7104			
2778			
7105			
7106			
7107			
7108			
7109			
7110			
7111			
7112			
7113			
7114			
7115			
7116			
2779			
2780			
2781			
2782			
2783			
2784			
2785			
7117			
7118			
7119			
7120			
7121			
7122			
7123			
7124			
5043			
2795			
5057			
5058			
5059			
5060			
5061			
5062			
5063			
7129			
7130			
7131			
2815			
2816			
2817			
2818			
7143			
7144			
2825			
2826			
7145			
7146			
7147			
7148			
7149			
7150			
7151			
7152			
7153			
7154			
2827			
2828			
7155			
7156			
7157			
7158			
2829			
7159			
7160			
7161			
7162			
7163			
7164			
7165			
2830			
2831			
7166			
7167			
7168			
7169			
2832			
2833			
2834			
2835			
2836			
2837			
2838			
7170			
7171			
7172			
7173			
7174			
7175			
2839			
8983			
8984			
2852			
2853			
2854			
2855			
7200			
7198			
7199			
2856			
2857			
7201			
7202			
7203			
7204			
7205			
7206			
7207			
7208			
7209			
7210			
7211			
7212			
7213			
7214			
7215			
7216			
2858			
2859			
2860			
2861			
2875			
2881			
2882			
2897			
2898			
2899			
2900			
2901			
2902			
2903			
2913			
2914			
8966			
7286			
2915			
2916			
2917			
2918			
2945			
7322			
7323			
7324			
7325			
2946			
7326			
7327			
2947			
2948			
7328			
7329			
7330			
2949			
2950			
7331			
7332			
7333			
2951			
7334			
2952			
2953			
2954			
7335			
7336			
7337			
7338			
7339			
7340			
7341			
7342			
8973			
8974			
8975			
8976			
2958			
2959			
7343			
7344			
7345			
7346			
7347			
7348			
7349			
7350			
2960			
2961			
2962			
2963			
2964			
2965			
2966			
2967			
2968			
2971			
2972			
2973			
2974			
5109			
2979			
2980			
2994			
2995			
3002			
3003			
3023			
3024			
3026			
3027			
7369			
7370			
7371			
3028			
8742			
8743			
8744			
8745			
8746			
3030			
8832			
7377			
7378			
7379			
7380			
7381			
7382			
7383			
7384			
3037			
3038			
3039			
3040			
3041			
3042			
7385			
7387			
7386			
7388			
7389			
7390			
7391			
7392			
3043			
3044			
3045			
7393			
7394			
7395			
7396			
7397			
7398			
7399			
3051			
3061			
3062			
3063			
3064			
3065			
3066			
3067			
3068			
3069			
3075			
3076			
3077			
3078			
3079			
3080			
3081			
3090			
3095			
3096			
3097			
3098			
3099			
7447			
7448			
7449			
3119			
3120			
3121			
3122			
7453			
7454			
3123			
3124			
7455			
7456			
7457			
7458			
7459			
7460			
7461			
7462			
7463			
7464			
7465			
7466			
7467			
3125			
3126			
3127			
3128			
3129			
3130			
7473			
7474			
7475			
7476			
3139			
3140			
7485			
7486			
7487			
7488			
7489			
3154			
3155			
3156			
7513			
7514			
7515			
7516			
7517			
7518			
3157			
3158			
3159			
3160			
3161			
3162			
7534			
7535			
7536			
7537			
3170			
3171			
3172			
3174			
7538			
7539			
7540			
7541			
3175			
3176			
3177			
3178			
3179			
3180			
3181			
7568			
7569			
7570			
7571			
3202			
3203			
3204			
3205			
7572			
7573			
3206			
3215			
7584			
7585			
7586			
3218			
7587			
7588			
3219			
7589			
7590			
7591			
7592			
3220			
3221			
3222			
7617			
7618			
3232			
5210			
7632			
7633			
7634			
7635			
7636			
5212			
5213			
7638			
5214			
5215			
5216			
5217			
5218			
5219			
5211			
7639			
7640			
7641			
7642			
7643			
7644			
7645			
7646			
3233			
3234			
3235			
3236			
3237			
3238			
3239			
3240			
3241			
3242			
7647			
7648			
7649			
7650			
7651			
7652			
7653			
7654			
7655			
3243			
3249			
3250			
3262			
3263			
3264			
3265			
3266			
8913			
8914			
8915			
8916			
8917			
8918			
8919			
3297			
8920			
8921			
8922			
8923			
8941			
8942			
3298			
3299			
7659			
7660			
7661			
7662			
7663			
3300			
3301			
3302			
3303			
3304			
3305			
3306			
3307			
3308			
3309			
3310			
3317			
3331			
3332			
3344			
3345			
3348			
3346			
3347			
3349			
9018			
3350			
3351			
7670			
7671			
7672			
7673			
7674			
7675			
7676			
7677			
7678			
7679			
7680			
7681			
7682			
7683			
3352			
3364			
3365			
3366			
7701			
7702			
3367			
7703			
7704			
7705			
7706			
7707			
7719			
7720			
7721			
7722			
3370			
3371			
7723			
7724			
7725			
7726			
7727			
3372			
3373			
7728			
7729			
3374			
3375			
7734			
7735			
7736			
7737			
7739			
7738			
7740			
7741			
7742			
7743			
7744			
7745			
7746			
7747			
7748			
7749			
7750			
7751			
7752			
7753			
7754			
7755			
7756			
7757			
7758			
7759			
7760			
3384			
3385			
3386			
3387			
7761			
3388			
7762			
7763			
7764			
7765			
7766			
7767			
7768			
7769			
7770			
3389			
3390			
3391			
3392			
3393			
3394			
3395			
3396			
3397			
3398			
7771			
7772			
7773			
7774			
7775			
7776			
7777			
7778			
7779			
7780			
3401			
3402			
7781			
7782			
7783			
7784			
3403			
8965			
3404			
3405			
7785			
7786			
7787			
7788			
3406			
3407			
3408			
7789			
7790			
3409			
7808			
7809			
7810			
7811			
7812			
7813			
7814			
7815			
7816			
7817			
7818			
7819			
3425			
3426			
3427			
3428			
3429			
3430			
3431			
3432			
3433			
3434			
8989			
8990			
3440			
3441			
3442			
3443			
3444			
3452			
3466			
3467			
3468			
3469			
3470			
3471			
3479			
3480			
3481			
3482			
5259			
5253			
5254			
5255			
5256			
5257			
5258			
3493			
3497			
3498			
7870			
8906			
8907			
8908			
3499			
8909			
8910			
3500			
3501			
7871			
7872			
7873			
3510			
3511			
3512			
7887			
7888			
7889			
7890			
7891			
7892			
7893			
3513			
3514			
3515			
3516			
7894			
7895			
7896			
7913			
7897			
3517			
7898			
7899			
7900			
7901			
7902			
7903			
7904			
7905			
7906			
7907			
3518			
3519			
7908			
7909			
7910			
7911			
7912			
3526			
3527			
3528			
7916			
7917			
7918			
7919			
7920			
7921			
3539			
3540			
3541			
3542			
3543			
3544			
3545			
7957			
7958			
7959			
3546			
7960			
7961			
7962			
7963			
7964			
3547			
3548			
3549			
3550			
3551			
3552			
8887			
7965			
7966			
7967			
7968			
7969			
7970			
7971			
7972			
7973			
7974			
7975			
7976			
7977			
7978			
3553			
3554			
3555			
3556			
3557			
3558			
3559			
3560			
3561			
3562			
3563			
3564			
3565			
3566			
3567			
3568			
3569			
7979			
7980			
7981			
7982			
7983			
7984			
7985			
7986			
3581			
3582			
7992			
7993			
7994			
7995			
7996			
7997			
7998			
7999			
3585			
3586			
3587			
3588			
3589			
8000			
8001			
8002			
8003			
8004			
8005			
3590			
3609			
8053			
8054			
8055			
4119			
8071			
8072			
8073			
8074			
8075			
3650			
3651			
3652			
3660			
3661			
3662			
3663			
3664			
8096			
8097			
3665			
3666			
3667			
3668			
3669			
8098			
8099			
8100			
8101			
8102			
8103			
8104			
8105			
3670			
3671			
3672			
3673			
3674			
3675			
3676			
8109			
3694			
8110			
8111			
8112			
3695			
3696			
8113			
3697			
3698			
3699			
3700			
3701			
3702			
3703			
3708			
3709			
3710			
8120			
8121			
8122			
8123			
8124			
8126			
8125			
8127			
3711			
3712			
8128			
8129			
8130			
8131			
5306			
5307			
5308			
5309			
5310			
5311			
5312			
5313			
5314			
5315			
5316			
5317			
5318			
5319			
5320			
5321			
5322			
5323			
5324			
5325			
3728			
3729			
3730			
3731			
3732			
8142			
8143			
8144			
8145			
8146			
3733			
3734			
3735			
8147			
3736			
8877			
3737			
3738			
8148			
3739			
3740			
3741			
3742			
8149			
8150			
8151			
3743			
3744			
3745			
3746			
3747			
8152			
8153			
8154			
8155			
3751			
8156			
3752			
8157			
8158			
8159			
8160			
8161			
8162			
8163			
8164			
8165			
8166			
3753			
3754			
3755			
3757			
8167			
8168			
8169			
8170			
8171			
8172			
3758			
3759			
3760			
8173			
8174			
8175			
8176			
3763			
8177			
8178			
8179			
8180			
3764			
3765			
8181			
8182			
8183			
8184			
3766			
8185			
8186			
8187			
8188			
8189			
8190			
8191			
8193			
8194			
8195			
8196			
8197			
8198			
8199			
8200			
8201			
8202			
8203			
8204			
3767			
3781			
3782			
8207			
8208			
8209			
8210			
8211			
8212			
8213			
3783			
3784			
8214			
3785			
3786			
3787			
3788			
8225			
8226			
8227			
8228			
8229			
8230			
3798			
3799			
3800			
3801			
3802			
3803			
3804			
3805			
3806			
3807			
3808			
3809			
3810			
3811			
8231			
8232			
8233			
8234			
8235			
8236			
8237			
8238			
3812			
3813			
5252			
8239			
8240			
8241			
8242			
8243			
8244			
8245			
8246			
8247			
8248			
8249			
3814			
3815			
8267			
8268			
8269			
3820			
8270			
8271			
8272			
8273			
8274			
3821			
3822			
3823			
3824			
3825			
3826			
3827			
8275			
8276			
8277			
8278			
3828			
3829			
3830			
8279			
8280			
8281			
8282			
3831			
3832			
8283			
3833			
3838			
8303			
8304			
8305			
8306			
8307			
8308			
8309			
8310			
8311			
8312			
3845			
3846			
3847			
8313			
8314			
8315			
8316			
8317			
3848			
8318			
8319			
8320			
8321			
3849			
3850			
3851			
3852			
3854			
3855			
3856			
8332			
8333			
8334			
8335			
8336			
8337			
8338			
8339			
8340			
8341			
8342			
8343			
8344			
8345			
8346			
8364			
8359			
8360			
8361			
8362			
8363			
8365			
8366			
3861			
3862			
3863			
3864			
3865			
8367			
8368			
3866			
3873			
3878			
8397			
8398			
8399			
3886			
9029			
3887			
3888			
3889			
8395			
8396			
3890			
8400			
8401			
8402			
8403			
5362			
3891			
8409			
8410			
8411			
8412			
8413			
8414			
5365			
5366			
8415			
8416			
8417			
8418			
8419			
8420			
8421			
8422			
8423			
8424			
8441			
8435			
8436			
8437			
8438			
8439			
8440			
3904			
8442			
8443			
8444			
8445			
8446			
8447			
8448			
8449			
3905			
3906			
3917			
3918			
8461			
8462			
8463			
8464			
8465			
8466			
8467			
8468			
8469			
3919			
3922			
3923			
9027			
9028			
3930			
3931			
3932			
3933			
3934			
8496			
8497			
8498			
8499			
8500			
8501			
8502			
8503			
3935			
3936			
8504			
8505			
8506			
8507			
8508			
3937			
8509			
8510			
8511			
8512			
8513			
8514			
3943			
3944			
3945			
3946			
3947			
8529			
8530			
8531			
3948			
3949			
3950			
8532			
8533			
8534			
8535			
8538			
8539			
8540			
3951			
3952			
3953			
3954			
8545			
8546			
8547			
8548			
8549			
8552			
3965			
3966			
8553			
8554			
8555			
8556			
8557			
5402			
5403			
5404			
5405			
5406			
5407			
5408			
3967			
3968			
3969			
3970			
3971			
8558			
8559			
3972			
3976			
8560			
3977			
8561			
8562			
8563			
8564			
8565			
8566			
8567			
8568			
8569			
8570			
3978			
8571			
5415			
3981			
3983			
3984			
4002			
4005			
8588			
8589			
8590			
8591			
8592			
4006			
4007			
4008			
8593			
8594			
8595			
8596			
4009			
4016			
4017			
4018			
4019			
8603			
8604			
8605			
8606			
8607			
8608			
4020			
4021			
4022			
4023			
4024			
8609			
8610			
8611			
8612			
8613			
8614			
8615			
8616			
8617			
8618			
4025			
4026			
4027			
4028			
4029			
4030			
4031			
4042			
4043			
4044			
4045			
4046			
9025			
4047			
8625			
8626			
8627			
8628			
8629			
8830			
8831			
4048			
8630			
4049			
4050			
8631			
8632			
8894			
8895			
4065			
8634			
8635			
8636			
8637			
8638			
8639			
8640			
8641			
8642			
8643			
8644			
8645			
5449			
4069			
4070			
4071			
4072			
4073			
4074			
8646			
8647			
8648			
8649			
8650			
8651			
8652			
4075			
4076			
4077			
8662			
8663			
8664			
8665			
8666			
8667			
8668			
8669			
8670			
8671			
8672			
8673			
4083			
4084			
8680			
8681			
8682			
8683			
8684			
8685			
8686			
8687			
8688			
8689			
8690			
8691			
8692			
8693			
8694			
8695			
8696			
8697			
4091			
4092			
4093			
4094			
8698			
8699			
8700			
8701			
8702			
4095			
4096			
4097			
4098			
4099			
4100			
4105			
4111			
4122			
4123			
4124			
4125			
4126			
19			
20			
21			
22			
23			
30			
86			
105			
117			
118			
119			
120			
5484			
5485			
8977			
128			
129			
130			
141			
142			
193			
210			
211			
243			
244			
269			
270			
271			
282			
283			
8720			
295			
296			
4144			
306			
4120			
4121			
335			
446			
466			
467			
480			
481			
482			
4281			
4280			
4282			
4283			
5538			
4284			
4285			
4286			
4287			
4288			
4289			
4290			
4291			
4292			
4293			
4294			
5539			
515			
516			
522			
523			
559			
585			
586			
587			
588			
589			
590			
591			
592			
593			
594			
595			
625			
671			
672			
2164			
2177			
6770			
6771			
6772			
6773			
6774			
6775			
6776			
6777			
6778			
6779			
6780			
2562			
3535			
7946			
7947			
7948			
7949			
7950			
7951			
3536			
7952			
7953			
7954			
3537			
7955			
7956			
3538			
3942			
5409			
5410			
5411			
5412			
5413			
5414			
3973			
3974			
3975			
8708			
8709			
8710			
8711			
8712			
8713			
4106			
4107			
8769			
8770			
8771			
