book	chapter	verse	Bohairic	Akhmimic	Fayyumic	OldBohairic	Mesokemic	DialectP	Lycopolitan	Greek	English	Sahidic
Second Epistle of St. Peter	1		ⲡⲉⲧⲣⲟⲩ ⲉⲡⲓⲥⲧⲟⲗⲏ ⲃ̅									ⲧⲉⲡⲓⲥⲧⲟⲗⲏ ⲙ̅ⲡⲉⲧⲣⲟⲥ ⲃ̅
Second Epistle of St. Peter	1	1	 ⲥⲓⲙⲱⲛ ⲡⲉⲧⲣⲟⲥ ⲫⲃⲱⲕ ⲟⲩⲟϩ ⲡⲁⲡⲟⲥⲧⲟⲗⲟⲥ ⲛ̀ⲧⲉ ⲓⲏ̅ⲥ̅ ⲡⲭ̅ⲥ̅ ⲛ̀ⲛⲏ ⲉⲧⲟⲓ ⲛ̀ϩⲩⲥⲟⲥ ⲛ̀ⲧⲁⲓⲟ ⲛⲉⲙⲁⲛ ϧⲉⲛ ⲫⲛⲁϩϯ ⲉⲧⲁϥⲱⲡ ⲉ̀ⲣⲟⲛ ϧⲉⲛ ϯⲙⲉⲑⲙⲏⲓ ⲛ̀ⲧⲉ ⲡⲉⲛⲛⲟⲩϯ ⲛⲉⲙ ⲡⲉⲛⲥⲱⲧⲏⲣ ⲓⲏ̅ⲥ̅ ⲡⲭ̅ⲥ̅ ⲡⲉⲛϭ̅ⲥ̅							 Συμεὼν Πέτρος δοῦλος καὶ ἀπόστολος Ἰησοῦ Χριστοῦ τοῖς ἰσότιμον ἡμῖν λαχοῦσιν πίστιν ἐν δικαιοσύνῃ τοῦ θεοῦ ἡμῶν καὶ σωτῆρος Ἰησοῦ Χριστοῦ·	 Simōn Petros, (the) servant and (the) apostle of Jesus Christ, to them who are equal in honour with us in (the) faith, which was allotted to us in the righteousness of our God and our saviour Jesus Christ our Lord:	 ⲥⲓⲙⲱⲛ ⲡⲉⲧⲣⲟⲥ ⲡϩⲙ̅ϩⲁⲗ ⲁⲩⲱ ⲡⲁⲡⲟⲥⲧⲟⲗⲟⲥ ⲛ̅ⲓ̅ⲥ̅ ⲡⲉⲭ̅ⲥ̅ ⲉϥⲥϩⲁⲓ ⲛ̅ⲛⲉⲛⲧⲁⲩϫⲓ ⲛ̅ⲧⲡⲓⲥⲧⲓⲥ ϩⲙ̅ ⲡⲉⲓⲧⲁⲓⲟ ⲛ̅ⲟⲩⲱⲧ ⲛ̅ⲧⲉⲛϩⲉ. ϩⲛ̅ ⲧⲇⲓⲕⲁⲓⲟⲥⲩⲛⲏ ⲙ̅ⲡⲉⲛϫⲟⲉⲓⲥ ⲓ̅ⲥ̅ ⲡⲉⲭ̅ⲥ̅ ⲡⲉⲛⲥⲱⲧⲏⲣ.
Second Epistle of St. Peter	1	2	 ⲡϩⲙⲟⲧ ⲛⲉⲙ ϯϩⲓⲣⲏⲛⲏ ⲛ̀ⲧⲟⲩⲁϣⲁⲓ ⲛⲱⲧⲉⲛ ⲛ̀ϧⲣⲏⲓ ϧⲉⲛ ⲡⲥⲟⲩⲉⲛ ⲫϯ ⲛⲉⲙ ⲡⲉⲛϭ̅ⲥ̅ ⲓⲏ̅ⲥ̅ ⲡⲭ̅ⲥ̅							 χάρις ὑμῖν καὶ εἰρήνη πληθυνθείη ἐν ἐπιγνώσει τοῦ θεοῦ καὶ Ἰησοῦ τοῦ κυρίου ἡμῶν.	 (the) grace and the peace may they be multiplied to you, In (the) knowledge of God, and our Lord Jesus Christ:	 ⲧⲉⲭⲁⲣⲓⲥ ⲙⲛ̅ ϯⲣⲏⲛⲏ ⲉⲥⲉⲁϣⲁⲓ ⲛⲏⲧⲛ̅ ϩⲙ̅ ⲡⲥⲟⲟⲩⲛ ⲙ̅ⲡⲉⲛϫⲟⲉⲓⲥ ⲓ̅ⲥ̅
Second Epistle of St. Peter	1	3	 ϩⲱⲥ ⲉ̀ⲁ ϩⲱⲃ ⲛⲓⲃⲉⲛ ϣⲱⲡⲓ ⲛⲁⲛ ϧⲉⲛ ϯϫⲟⲙ ⲛ̀ⲧⲉ ⲧⲉϥⲙⲉⲑⲛⲟⲩϯ ⲉ̀ϧⲟⲩⲛ ⲉ̀ⲡⲱⲛϧ ⲛⲉⲙ ϯⲙⲉⲧⲉⲩⲥⲉⲃⲏⲥ ⲑⲏ ⲉⲧⲁⲩⲧⲏⲓⲥ ⲛⲁⲛ ⲛ̀ϫⲓⲛϫⲏ ⲉ̀ⲃⲟⲗ ϩⲓⲧⲉⲛ ⲡⲥⲟⲩⲉⲛ ⲫⲏ ⲉⲧⲁϥⲑⲁϩⲙⲉⲛ ⲉ̀ϧⲟⲩⲛ ⲉ̀ⲡⲉϥⲱⲟⲩ ⲛⲉⲙ ϯⲁⲣⲉⲧⲏ							 Ὡς πάντα ἡμῖν τῆς θείας δυνάμεως αὐτοῦ τὰ πρὸς ζωὴν καὶ εὐσέβειαν δεδωρημένης διὰ τῆς ἐπιγνώσεως τοῦ καλέσαντος ἡμᾶς ἰδίᾳ δόξῃ καὶ ἀρετῇ,	 since all things became ours (lit. to us) in the power of his deity, (tending) towards (the) life, and [the] godliness, which was given to us freely, through (the) knowledge of him who called us into his glory and [the] virtue;	 ϩⲱⲥ ⲉⲁϥⲭⲁⲣⲓⲍⲉ ⲛⲁⲛ ϩⲓⲧⲛ̅ ⲧⲉϥϭⲟⲙ ⲉⲧⲟⲩⲁⲁⲃ ⲛ̅ϩⲱⲃ ⲛⲓⲙ. ⲉⲧϫⲓ ⲉϩⲟⲩⲛ ⲉⲡⲱⲛϩ̅ ⲙⲛ̅ ⲧⲙⲛ̅ⲧⲣⲉϥϣⲙ̅ϣⲉ ⲛⲟⲩⲧⲉ ⲉⲃⲟⲗ ϩⲓⲧⲙ̅ ⲡⲥⲟⲟⲩⲛ ⲙ̅ⲡⲉⲛⲧⲁϥⲧⲁϩⲙ̅ⲛ ϩⲙ̅ ⲡⲉϥⲉⲟⲟⲩ ⲙⲛ̅ ⲧⲉϥⲁⲣⲉⲧⲏ.
Second Epistle of St. Peter	1	4	 ⲛⲉⲙ ⲉ̀ⲃⲟⲗ ϩⲓⲧⲉⲛ ⲛⲁⲓⲛⲓϣϯ ⲛⲱⲟⲩ ⲉⲧⲧⲁⲓⲏⲟⲩⲧ ⲉⲧⲁⲩⲧⲏⲓⲧⲟⲩ ⲛⲁⲛ ⲛ̀ⲧⲁⲓⲟ ϩⲓⲛⲁ ⲉ̀ⲃⲟⲗ ϩⲓⲧⲉⲛ ⲛⲁⲓ ⲛ̀ⲧⲉⲧⲉⲛϣⲱⲡⲓ ⲉⲣⲉⲧⲉⲛⲟⲓ ⲛ̀ϣⲫⲏⲣ ⲛ̀ⲧⲫⲩⲥⲓⲥ ⲛ̀ⲧⲉ ϯⲙⲉⲑⲛⲟⲩϯ ⲉⲣⲉⲧⲉⲛⲫⲏⲧ ⲥⲁⲃⲟⲗ ⲛ̀ϯⲉⲡⲓⲑⲩⲙⲓⲁ ⲛ̀ⲧⲉ ⲡⲧⲁⲕⲟ ⲑⲏ ⲉⲧⲉ ⲛ̀ϧⲣⲏⲓ ϧⲉⲛ ⲡⲓⲕⲟⲥⲙⲟⲥ							 διʼ ὧν τὰ τίμια καὶ μέγιστα ἡμῖν ἐπαγγέλματα δεδώρηται, ἵνα διὰ τούτων γένησθε θείας κοινωνοὶ φύσεως, ἀποφυγόντες τῆς ἐν τῷ κόσμῳ ἐν ἐπιθυμίᾳ φθορᾶς.	 and through these great (and) precious glories which were given to us as gifts, that through these ye might become sharers of (the) nature of the deity, escaping from the lust of (the) corruption which is in the world.	 ⲛⲁⲓ ⲛ̅ⲧⲁϥⲭⲁⲣⲓⲍⲉ ⲛⲏⲧⲛ̅ ⲉⲃⲟⲗ ϩⲓⲧⲟⲟⲧⲟⲩ ⲛ̅ⲛⲉⲓⲛⲟϭ ⲛ̅ⲉⲣⲏⲧ ⲉⲧⲧⲁⲓⲏⲩ. ϫⲉⲕⲁⲁⲥ ϩⲓⲧⲛ̅ ⲛⲁⲓ ⲉⲧⲉⲧⲛ̅ⲛⲁϣⲱⲡⲉ ⲛ̅ⲕⲟⲓⲛⲱⲛⲟⲥ ⲛ̅ⲧⲉⲫⲩⲥⲓⲥ ⲉⲧⲟⲩⲁⲁⲃ ⲉⲁⲧⲉⲧⲛ̅ⲡⲱⲧ ⲉⲃⲟⲗ ⲛ̅ⲧⲉⲡⲓⲑⲩⲙⲓⲁ ⲙ̅ⲡⲧⲁⲕⲟ ⲉⲧϩⲙ̅ ⲡⲕⲟⲥⲙⲟⲥ.
Second Epistle of St. Peter	1	5	 ⲟⲩⲟϩ ⲛ̀ϧⲣⲏⲓ ϧⲉⲛ ⲫⲁⲓ ⲉⲣⲉⲧⲉⲛⲓⲛⲓ ⲉ̀ϧⲟⲩⲛ ⲛ̀ⲥⲡⲟⲇⲏ ⲛⲓⲃⲉⲛ ⲥⲁϩⲛⲓ ⲛ̀ⲥⲁ ϯⲁⲣⲉⲧⲏ ϧⲉⲛ ⲡⲉⲧⲉⲛⲛⲁϩϯ ⲛ̀ϧⲣⲏⲓ ϧⲉⲛ ϯⲁⲣⲉⲧⲏ ϯⲅⲛⲱⲥⲓⲥ							 καὶ αὐτὸ τοῦτο δὲ σπουδὴν πᾶσαν παρεισενέγκαντες ἐπιχορηγήσατε ἐν τῇ πίστει ὑμῶν τὴν ἀρετήν, ἐν δὲ τῇ ἀρετῇ τὴν γνῶσιν,	 And in this, bringing in all diligence, supply [the] virtue in your faith: in [the] virtue, [the] knowledge:	 ⲁⲩⲱ ϩⲙ̅ ⲡⲁⲓ ⲟⲛ ⲁⲧⲉⲧⲛ̅ⲉⲓⲛⲉ ⲛ̅ⲥⲡⲟⲩⲇⲏ ⲛⲓⲙ ⲛ̅ⲧⲉⲧⲛ̅ⲭⲟⲣⲏⲅⲉⲓ ⲛ̅ⲧⲁⲣⲉⲧⲏ ⲉϩⲣⲁⲓ ϩⲛ̅ ⲧⲡⲓⲥⲧⲓⲥ. ⲁⲩⲱ ⲡⲥⲟⲟⲩⲛ ϩⲣⲁⲓ ϩⲛ̅ ⲧⲁⲣⲉⲧⲏ.
Second Epistle of St. Peter	1	6	 ⲛ̀ϧⲣⲏⲓ ϧⲉⲛ ϯⲅⲛⲱⲥⲓⲥ ϯⲉⲅⲕⲣⲁⲧⲓⲁ ⲛ̀ϧⲣⲏⲓ ϧⲉⲛ ϯⲉⲅⲕⲣⲁⲧⲓⲁ ϯϩⲩⲡⲟⲙⲟⲛⲏ ⲛ̀ϧⲣⲏⲓ ϧⲉⲛ ϯϩⲟⲡⲟⲙⲟⲛⲏ ϯⲙⲉⲧⲉⲩⲥⲉⲃⲏⲥ							 ἐν δὲ τῇ γνώσει τὴν ἐγκράτειαν, ἐν δὲ τῇ ἐγκρατείᾳ τὴν ὑπομονήν, ἐν δὲ τῇ ὑπομονῇ τὴν εὐσέβειαν,	 in [the] knowledge, [the] temperance: in [the] temperance, [the] patience: in [the] patience, [the] godliness:	 ⲧⲉⲅⲕⲣⲁⲧⲓⲁ ⲇⲉ ϩⲣⲁⲓ ϩⲙ̅ ⲡⲥⲟⲟⲩⲛ. ⲑⲩⲡⲟⲙⲟⲛⲏ ⲇⲉ ϩⲣⲁⲓ ϩⲛ̅ ⲧⲉⲅⲕⲣⲁⲧⲓⲁ. ⲧⲙⲛ̅ⲧⲣⲉϥϣⲙ̅ϣⲉ ⲛⲟⲩⲧⲉ ⲇⲉ ϩⲛ̅ ⲑⲩⲡⲟⲙⲟⲛⲏ.
Second Epistle of St. Peter	1	7	 ⲛ̀ϧⲣⲏⲓ ϧⲉⲛ ϯⲙⲉⲧⲉⲩⲥⲉⲃⲏⲥ ϯⲙⲉⲧⲙⲁⲓⲥⲟⲛ ⲛ̀ϧⲣⲏⲓ ϧⲉⲛ ϯⲙⲉⲧⲙⲁⲓⲥⲟⲛ ϯⲁⲅⲁⲡⲏ							 ἐν δὲ τῇ εὐσεβείᾳ τὴν φιλαδελφίαν, ἐν δὲ τῇ φιλαδελφίᾳ τὴν ἀγάπην·	 in [the] godliness, [the]  brotherly love: in [the] brotherly love, [the] love.	 ⲧⲙⲛ̅ⲧⲙⲁⲓⲥⲟⲛ ⲇⲉ ϩⲛ̅ ⲧⲙⲛ̅ⲧⲣⲉϥϣⲙ̅ϣⲉ ⲛⲟⲩⲧⲉ. ⲧⲁⲅⲁⲡⲏ ϩⲣⲁⲓ ϩⲛ̅ ⲧⲙⲛ̅ⲧⲙⲁⲓⲥⲟⲛ.
Second Epistle of St. Peter	1	8	 ⲛⲁⲓ ⲇⲉ ⲧⲏⲣⲟⲩ ⲉⲩϣⲟⲡ ⲛⲱⲧⲉⲛ ⲟⲩⲟϩ ⲉⲩⲉ̀ⲉⲣϩⲟⲩⲟ ϧⲉⲛ ⲑⲏⲛⲟⲩ ⲛ̀ⲥⲉⲛⲁⲉⲣ ⲑⲏⲛⲟⲩ ⲛ̀ⲁⲣⲅⲟⲥ ⲁⲛ ⲟⲩⲟϩ ⲛ̀ⲁⲧⲟⲩⲧⲁϩ ⲉ̀ϧⲟⲩⲛ ⲉ̀ⲡⲥⲟⲩⲉⲛ ⲡⲉⲛϭ̅ⲥ̅ ⲓⲏ̅ⲥ̅ ⲡⲭ̅ⲥ̅							 ταῦτα γὰρ ὑμῖν ὑπάρχοντα καὶ πλεονάζοντα οὐκ ἀργοὺς οὐδὲ ἀκάρπους καθίστησιν εἰς τὴν τοῦ κυρίου ἡμῶν Ἰησοῦ Χριστοῦ ἐπίγνωσιν·	 But all these being yours (lit. to you), and abounding in you, they will not make you idle and unfruitful towards (the) knowledge of our Lord Jesus Christ.	 ⲛⲁⲓ ⲇⲉ ⲉⲩϣⲟⲟⲡ ⲛⲏⲧⲛ̅ ⲁⲩⲱ ⲉⲩⲣ̅ϩⲟⲩⲟ ⲛ̅ⲛⲉⲩⲛⲁϫⲓ ⲧⲏⲩⲧⲛ̅ ⲁⲛ ⲁϫⲛ̅ ϩⲱⲃ ⲟⲩⲇⲉ ⲁϫⲛ̅ ⲕⲁⲣⲡⲟⲥ ⲉϩⲟⲩⲛ ⲉⲡⲥⲟⲟⲩⲛ ⲙ̅ⲡⲉⲛϫⲟⲉⲓⲥ ⲓ̅ⲥ̅ ⲡⲉⲭ̅ⲥ̅.
Second Epistle of St. Peter	1	9	 ⲫⲏ ⲉⲧⲉ ⲛⲁⲓ ϣⲟⲡ ⲛⲁϥ ⲁⲛ ⲟⲩⲃⲉⲗⲗⲉ ⲡⲉ ⲉϥϫⲟⲙϫⲉⲙ ⲉ̀ⲁϥϭⲓ ⲛ̀ⲟⲩⲉⲃϣⲓ ⲛ̀ⲧⲉ ⲡⲧⲟⲩⲃⲟ ⲛ̀ⲧⲉ ⲛⲉϥϣⲟⲣⲡ ⲛ̀ⲛⲟⲃⲓ							 ᾧ γὰρ μὴ πάρεστιν ταῦτα, τυφλός ἐστιν μυωπάζων, λήθην λαβὼν τοῦ καθαρισμοῦ τῶν πάλαι αὐτοῦ ἁμαρτημάτων.	 He to whom these things are not is blind, feeling (his way), having taken a forgetfulness of (the) cleansing of his former sins.	 ⲡⲉⲧⲉ ⲛ̅ⲛⲁⲓ ⲅⲁⲣ ϣⲟⲟⲡ ⲛⲁϥ ⲁⲛ ⲟⲩⲃⲗ̅ⲗⲉ ⲡⲉ. ⲛϥ̅ⲛⲁⲩ ⲉⲃⲟⲗ ⲁⲛ. ⲉⲁϥϫⲓ ⲛ̅ⲟⲩⲉⲃϣⲉ ⲙ̅ⲡⲧⲃ̅ⲃⲟ ⲛ̅ⲛⲉϥϣⲟⲣⲡ̅ ⲛ̅ⲛⲟⲃⲉ.
Second Epistle of St. Peter	1	10	 ⲉⲑⲃⲉⲫⲁⲓ ⲙⲁⲗⲗⲟⲛ ⲛⲉⲛⲥⲛⲏⲟⲩ ⲓⲏ̅ⲥ̅ ⲛ̀ⲧⲉⲛ ⲑⲏⲛⲟⲩ ϩⲓⲛⲁ ⲉ̀ⲃⲟⲗ ϩⲓⲧⲉⲛ ⲛⲓϩⲃⲏⲟⲩⲓ ⲉⲑⲛⲁⲛⲉⲩ ⲛ̀ⲧⲉⲧⲉⲛⲧⲁϫⲣⲉ ⲡⲉⲧⲉⲛⲑⲱϩⲉⲙ ⲛⲉⲙ ⲧⲉⲧⲉⲛⲙⲉⲧⲥⲱⲧⲡ ⲛⲁⲓ ⲅⲁⲣ ⲉⲣⲉⲧⲉⲛⲓⲣⲓ ⲙ̀ⲙⲱⲟⲩ ⲛ̀ⲛⲉⲧⲉⲛⲥⲗⲁϯ ⲉⲛⲉϩ							 διὸ μᾶλλον, ἀδελφοί, σπουδάσατε βεβαίαν ὑμῶν τὴν κλῆσιν καὶ ἐκλογὴν ποιεῖσθαι· ταῦτα γὰρ ποιοῦντες οὐ μὴ πταίσητέ ποτε·	 Therefore rather, our brethren, hasten yourselves that through [the] good works ye may confirm your calling and your election: for doing these things ye shall never stumble.	 ⲉⲧⲃⲉ ⲡⲁⲓ ⲛ̅ϩⲟⲩⲟ ⲛⲉⲥⲛⲏⲩ. ⲥⲡⲟⲩⲇⲁⲍⲉ ϫⲉⲕⲁⲁⲥ ⲉⲃⲟⲗ ϩⲓⲧⲛ̅ ⲛⲉϩⲃⲏⲩⲉ ⲉⲧⲛⲁⲛⲟⲩⲟⲩ ⲉⲧⲉⲧⲛⲉϫⲡⲟ ⲛⲏⲧⲛ̅ ⲛ̅ⲧⲉⲧⲛ̅ⲡⲓⲥⲧⲓⲥ ⲉⲥⲧⲁϫⲣⲏⲩ ⲙⲛ̅ ⲡⲉⲧⲛ̅ⲧⲱϩⲙ̅ ⲙⲛ̅ ⲧⲉⲧⲛ̅ⲙⲛ̅ⲧⲥⲱⲧⲡ̅. ⲛⲁⲓ ⲅⲁⲣ ⲉⲧⲉⲧⲛ̅ⲉⲓⲣⲉ ⲙ̅ⲙⲟⲟⲩ ⲛ̅ⲧⲉⲧⲛ̅ⲁϩⲉ ⲁⲛ ⲉⲛⲉϩ.
Second Epistle of St. Peter	1	11	 ⲡⲁⲓⲣⲏϯ ⲅⲁⲣ ϧⲉⲛ ⲟⲩⲙⲉⲧⲣⲁⲙⲁⲟ ⲉⲩⲉ̀ⲥⲉϩⲛⲉ ⲡⲓⲙⲱⲓⲧ ⲉ̀ϧⲟⲩⲛ ⲛⲱⲧⲉⲛ ⲛ̀ⲧⲉ ⲑⲙⲉⲧⲟⲩⲣⲟ ⲛ̀ⲉⲛⲉϩ ⲛ̀ⲧⲉ ⲡⲉⲛϭ̅ⲥ̅ ⲟⲩⲟϩ ⲡⲉⲛⲥⲱⲧⲏⲣ ⲓⲏ̅ⲥ̅ ⲡⲭ̅ⲥ̅							 οὕτως γὰρ πλουσίως ἐπιχορηγηθήσεται ὑμῖν ἡ εἴσοδος εἰς τὴν αἰώνιον βασιλείαν τοῦ κυρίου ἡμῶν καὶ σωτῆρος Ἰησοῦ Χριστοῦ.	 For thus richly the entering shall be supplied to you of (the) eternal kingdom of our Lord and our saviour Jesus Christ.	 ⲧⲁⲓ ⲅⲁⲣ ⲧⲉ ⲑⲉ ⲉⲧⲟⲩⲛⲁϯ ⲛⲏⲧⲛ̅ ϩⲛ̅ ⲟⲩⲙⲛ̅ⲧⲣⲙ̅ⲙⲁⲟ ⲛ̅ⲧⲉϩⲓⲏ ⲛϥ̅ⲃⲱⲕ ⲉϩⲟⲩⲛ ⲉⲧⲙⲛ̅ⲧⲉⲣⲟ ⲛ̅ϣⲁ ⲉⲛⲉϩ ⲙ̅ⲡⲉⲛϫⲟⲉⲓⲥ ⲓ̅ⲥ̅ ⲡⲉⲭ̅ⲥ̅ ⲡⲉⲛⲥⲱⲧⲏⲣ.
Second Epistle of St. Peter	1	12	 ⲉⲑⲃⲉⲫⲁⲓ ϯⲛⲁϯ ⲙ̀ⲫⲙⲉⲩⲓ ⲛⲱⲧⲉⲛ ⲛ̀ⲥⲏⲟⲩ ⲛⲓⲃⲉⲛ ⲉⲑⲃⲉ ⲛⲁⲓ ⲕⲉⲡⲉⲣ ⲉⲣⲉⲧⲉⲛⲥⲱⲟⲩⲛ ⲟⲩⲟϩ ⲉⲣⲉⲧⲉⲛⲧⲁϫⲣⲏⲟⲩⲧ ϧⲉⲛ ϯⲙⲉⲑⲙⲏⲓ ⲉⲧϣⲟⲡ							 Διὸ μελλήσω ἀεὶ ὑμᾶς ὑπομιμνῄσκειν περὶ τούτων, καίπερ εἰδότας καὶ ἐστηριγμένους ἐν τῇ παρούσῃ ἀληθείᾳ.	 Therefore I shall (lit. will) remind you always concerning these things, although ye know, and ye are confirmed in the truth which is.	 ⲉⲧⲃⲉ ⲡⲁⲓ ϯⲛⲁϥⲓⲣⲟⲟⲩϣ ⲛ̅ⲟⲩⲟⲉⲓϣ ⲛⲓⲙ ⲉⲧⲣⲉⲧⲉⲧⲛ̅ⲣ̅ ⲡⲙⲉⲉⲩⲉ ⲉⲧⲃⲉ ⲛⲁⲓ. ⲕⲁⲓⲡⲉⲣ ⲧⲉⲧⲛ̅ⲥⲟⲟⲩⲛ ⲁⲩⲱ ⲛⲉⲧⲉⲧⲛ̅ⲧⲁϫⲣⲏⲩ ϩⲛ̅ ⲧⲙⲉ ⲉⲧϣⲟⲟⲡ.
Second Epistle of St. Peter	1	13	 ϯⲙⲉⲩⲓ ⲅⲁⲣ ϫⲉ ⲟⲩϩⲱⲃ ⲙ̀ⲙⲏⲓ ⲡⲉ ⲫⲁⲓ ⲉ̀ϯⲙⲉⲩⲓ ⲉ̀ⲣⲟϥ ϫⲉ ⲉ̀ⲫⲟⲥⲟⲛ ϯϣⲟⲡ ϧⲉⲛ ⲡⲁⲓⲙⲁ ⲛ̀ϣⲱⲡⲓ ⲉⲓⲉ̀ⲧⲟⲩⲛⲟⲥ ⲑⲏⲛⲟⲩ ⲉ̀ϧⲣⲏⲓ ϧⲉⲛ ⲟⲩⲙⲉⲩⲓ							 δίκαιον δὲ ἡγοῦμαι, ἐφʼ ὅσον εἰμὶ ἐν τούτῳ τῷ σκηνώματι, διεγείρειν ὑμᾶς ἐν ὑπομνήσει,	 For I think that it is a righteous work, this which I think, that as long as I am in this dwelling-place I shall stir in you a remembrance;	 ϯϫⲱ ⲇⲉ ⲙ̅ⲙⲟⲥ. ϫⲉ ⲟⲩⲇⲓⲕⲁⲓⲟⲛ ⲡⲉ. ⲉⲫⲟⲥⲟⲛ ⲉⲓϩⲙ̅ ⲡⲉⲓⲙⲁ ⲛ̅ϣⲱⲡⲉ. ⲉⲧⲟⲩⲛⲉⲥ ⲧⲏⲩⲧⲛ̅ ϩⲙ̅ ⲡⲣ̅ⲡⲙⲉⲉⲩⲉ.
Second Epistle of St. Peter	1	14	 ⲉⲓⲉⲙⲓ ϫⲉ ϥⲛⲁⲃⲱⲗ ⲉ̀ⲃⲟⲗ ⲛϫⲉ ⲡⲁⲓⲙⲁⲛ̀ϣⲱⲡⲓ ⲛ̀ⲭⲱⲗⲉⲙ ⲕⲁⲧⲁ ⲫⲣⲏϯ ϩⲱϥ ⲉⲧⲁ ⲡⲉⲛϭ̅ⲥ̅ ⲓⲏ̅ⲥ̅ ⲡⲭ̅ⲥ̅ ⲧⲁⲙⲟⲛ ⲉ̀ⲣⲟϥ							 εἰδὼς ὅτι ταχινή ἐστιν ἡ ἀπόθεσις τοῦ σκηνώματός μου, καθὼς καὶ ὁ κύριος ἡμῶν Ἰησοῦς Χριστὸς ἐδήλωσέν μοι·	 knowing that this dwelling-place will be dissolved quickly, according as also our Lord Jesus Christ showed to us.	 ⲉⲓⲥⲟⲟⲩⲛ ϫⲉ ϯⲛⲁⲕⲱ ⲉϩⲣⲁⲓ ⲙ̅ⲡⲁⲥⲱⲙⲁ ϩⲛ̅ ⲟⲩϭⲉⲡⲏ. ⲕⲁⲧⲁ ⲑⲉ ⲛ̅ⲧⲁϥⲧⲁⲙⲟⲓ ⲛ̅ϭⲓ ⲡⲉⲛϫⲟⲉⲓⲥ ⲓ̅ⲥ̅ ⲡⲉⲭ̅ⲥ̅.
Second Epistle of St. Peter	1	15	 ϯⲛⲁⲓⲏⲥ ⲇⲉ ⲛ̀ⲧⲟⲧ ⲛ̀ⲥⲏⲟⲩ ⲛⲓⲃⲉⲛ ϩⲓⲛⲁ ⲛ̀ⲧⲉⲧⲉⲛⲉⲣⲫⲙⲉⲩⲓ ⲛ̀ⲛⲁⲓ ⲙⲉⲛⲉⲛⲥⲁ ⲡⲁⲙⲱⲓⲧ ⲉ̀ⲃⲟⲗ							 σπουδάσω δὲ καὶ ἑκάστοτε ἔχειν ὑμᾶς μετὰ τὴν ἐμὴν ἔξοδον τὴν τούτων μνήμην ποιεῖσθαι.	 But I shall (lit. will) hasten myself always, that ye may remember these things after my departure.	 ϯⲛⲁⲥⲡⲟⲩⲇⲁⲍⲉ ⲇⲉ ⲟⲛ ⲙⲛ̅ⲛ̅ⲥⲁ ⲧⲣⲁⲉⲓ ⲉⲃⲟⲗ. ⲉⲧⲣⲉⲧⲛ̅ⲕⲱ ⲛⲏⲧⲛ̅ ⲛ̅ⲟⲩⲟⲉⲓϣ ⲛⲓⲙ ⲙ̅ⲡⲣ̅ⲡⲙⲉⲉⲩⲉ ⲛ̅ⲛⲁⲓ.
Second Epistle of St. Peter	1	16	 ϩⲁⲛϣϥⲱ ⲁⲛ ⲙ̀ⲙⲉⲧⲥⲉⲃ ⲡⲉ ⲉⲧⲁⲛⲙⲟϣⲓ ⲛ̀ⲥⲱⲟⲩ ⲁⲛⲧⲁⲙⲱⲧⲉⲛ ⲉ̀ⲧϫⲟⲙ ⲟⲩⲟϩ ⲉ̀ⲧⲡⲁⲣⲟⲩⲥⲓⲁ ⲙ̀ⲡⲉⲛϭ̅ⲥ̅ ⲓⲏ̅ⲥ̅ ⲡⲭ̅ⲥ̅ ⲁⲗⲗⲁ ⲁⲛⲉⲣⲣⲉϥⲛⲁⲩ ⲉ̀ϯⲙⲉⲧⲛⲓϣϯ ⲛ̀ⲧⲉ ⲫⲏ ⲉⲧⲉⲙ̀ⲙⲁⲩ							 Οὐ γὰρ σεσοφισμένοις μύθοις ἐξακολουθήσαντες ἐγνωρίσαμεν ὑμῖν τὴν τοῦ κυρίου ἡμῶν Ἰησοῦ Χριστοῦ δύναμιν καὶ παρουσίαν, ἀλλʼ ἐπόπται γενηθέντες τῆς ἐκείνου μεγαλειότητος.	 It was not crafty fables which we walked after, (when) we showed to you (the) power and (the) coming of our Lord Jesus Christ, but we were eyewitnesses of the greatness of that (one):	 ⲛ̅ⲧⲁⲛⲟⲩⲁϩⲛ̅ ⲅⲁⲣ ⲁⲛ ⲛ̅ⲥⲁ ϩⲉⲛϣⲁϫⲉ ⲉⲁⲩⲧⲃ̅ⲧⲱⲃⲟⲩ. ⲁⲛⲟⲩⲱⲛϩ̅ ⲛⲏⲧⲛ̅ ⲉⲃⲟⲗ ⲛ̅ⲧϭⲟⲙ ⲙ̅ⲡⲉⲛϫⲟⲉⲓⲥ ⲓ̅ⲥ̅ ⲡⲉⲭ̅ⲥ̅ ⲙⲛ̅ ⲧⲉϥⲡⲁⲣⲟⲩⲥⲓⲁ. ⲁⲗⲗⲁ ⲉⲁⲛⲛⲁⲩ ⲉⲧⲙⲛ̅ⲧⲛⲟϭ ⲙ̅ⲡⲉⲧⲙ̅ⲙⲁⲩ.
Second Epistle of St. Peter	1	17	 ⲁϥϭⲓ ⲛ̀ⲟⲩⲧⲁⲓⲟ ⲛⲉⲙ ⲟⲩⲱⲟⲩ ⲉ̀ⲃⲟⲗ ϩⲓⲧⲉⲛ ⲫⲓⲱⲧ ⲟⲩⲟϩ ⲁ ⲟⲩⲥⲙⲏ ⲓ̀ ⲛⲁϥ ⲙ̀ⲡⲁⲓⲣⲏϯ ⲉ̀ⲃⲟⲗ ϩⲓⲧⲉⲛ ⲡⲓⲛⲓϣϯ ⲛⲱⲟⲩ ⲉⲑⲛⲁⲁϥ ϫⲉ ⲫⲁⲓ ⲡⲉ ⲡⲁϣⲏⲣⲓ ⲡⲁⲙⲉⲛⲣⲓⲧ ⲫⲁⲓ ⲉⲧⲁⲓϯⲙⲁϯ ⲉ̀ϩⲣⲏⲓ ⲉ̀ϫⲱϥ							 λαβὼν γὰρ παρὰ θεοῦ πατρὸς τιμὴν καὶ δόξαν φωνῆς ἐνεχθείσης αὐτῷ τοιᾶσδε ὑπὸ τῆς μεγαλοπρεποῦς δόξης· Ὁ υἱός μου ὁ ἀγαπητός μου οὗτός ἐστιν, εἰς ὃν ἐγὼ εὐδόκησα—	 he received [an] honour and [a] glory from the Father; and a voice came to him of this kind by the exceeding great glory: 'This is my Son, my beloved, this for whom I was well pleased.'	 ⲉⲁϥϫⲓ ⲛ̅ⲧⲉ ⲡⲛⲟⲩⲧⲉ ⲡⲉⲓⲱⲧ ⲛ̅ⲟⲩⲧⲁⲓⲟ ⲙⲛ̅ ⲟⲩⲉⲟⲟⲩ. ⲉⲁⲩⲉⲓⲛⲉ ⲛⲁϥ ⲛ̅ⲟⲩⲥⲙⲏ ⲛ̅ⲧⲉⲓⲙⲉⲓⲛⲉ ϩⲓⲧⲙ̅ ⲡⲛⲟϭ ⲛ̅ⲉⲟⲟⲩ. ϫⲉ ⲡⲁϣⲏⲣⲉ ⲡⲁⲙⲉⲣⲓⲧ. ⲡⲁⲓ ⲁⲛⲟⲕ ⲛ̅ⲧⲁ ⲡⲁⲟⲩⲱϣ ϣⲱⲡⲉ ϩⲣⲁⲓ ⲛ̅ϩⲏⲧϥ̅.
Second Epistle of St. Peter	1	18	 ⲟⲩⲟϩ ⲧⲁⲓⲥⲙⲏ ⲁⲛⲥⲟⲑⲙⲉⲥ ⲉⲥⲛⲏⲟⲩ ⲉ̀ⲃⲟⲗ ϧⲉⲛ ⲧⲫⲉ ⲉⲛⲭⲏ ⲛⲉⲙⲁϥ ϩⲓϫⲉⲛ ⲡⲓⲧⲱⲟⲩ ⲉⲑⲟⲩⲁⲃ							 καὶ ταύτην τὴν φωνὴν ἡμεῖς ἠκούσαμεν ἐξ οὐρανοῦ ἐνεχθεῖσαν σὺν αὐτῷ ὄντες ἐν τῷ ἁγίῳ ὄρει.	 And this voice we heard, coining from (the) heaven, being with him on the holy mountain.	 ⲁⲩⲱ ⲁⲛⲟⲛ ⲁⲛⲥⲱⲧⲙ̅ ⲉⲧⲉⲓⲥⲙⲏ ⲉⲁⲥⲉⲓ ⲉⲃⲟⲗ ϩⲛ̅ ⲧⲡⲉ. ⲉⲛϣⲟⲟⲡ ⲛⲙ̅ⲙⲁϥ ϩⲙ̅ ⲡⲧⲟⲟⲩ ⲉⲧⲟⲩⲁⲁⲃ.
Second Epistle of St. Peter	1	19	 ⲟⲩⲟϩ ⲉϥⲧⲁϫⲣⲏⲟⲩⲧ ⲛ̀ⲧⲟⲧⲉⲛ ⲛ̀ϫⲉ ⲡⲓⲥⲁϫⲓ ⲛ̀ⲧⲉ ⲛⲓⲡⲣⲟⲫⲏⲧⲏⲥ ⲫⲁⲓ ⲉⲧⲉ ⲕⲁⲗⲱⲥ ⲧⲉⲧⲉⲛⲣⲁ ⲙ̀ⲙⲟϥ ⲉⲣⲉⲧⲉⲛϯϩⲑⲏⲧⲉⲛ ⲛⲁϥ ⲙ̀ⲫⲣⲏϯ ⲛ̀ⲟⲩϧⲏⲃⲥ ⲉϥⲉ̀ⲣⲟⲩⲱⲓⲛⲓ ϧⲉⲛ ⲟⲩⲙⲁ ⲛ̀ⲭⲁⲕⲓ ϣⲁⲧⲉϥⲟⲩⲱⲛϩ ⲉ̀ⲃⲟⲗ ⲛ̀ϫⲉ ⲡⲓⲉϩⲟⲟⲩ ⲟⲩⲟϩ ⲡⲓⲟⲩⲱⲓⲛⲓ ϣⲁϥϣⲁⲓ ⲛ̀ⲧⲉϥⲫⲓⲣⲓ ϧⲉⲛ ⲛⲉⲧⲉⲛϩⲏⲧ							 καὶ ἔχομεν βεβαιότερον τὸν προφητικὸν λόγον, ᾧ καλῶς ποιεῖτε προσέχοντες ὡς λύχνῳ φαίνοντι ἐν αὐχμηρῷ τόπῳ, ἕως οὗ ἡμέρα διαυγάσῃ καὶ φωσφόρος ἀνατείλῃ ἐν ταῖς καρδίαις ὑμῶν·	 And the word of the prophets is for us firm, this to which ye do well to attend (lit. observing), as a lamp shining in a place of darkness, until is manifested the day, and the light ariseth and breaketh forth in your hearts.	 ⲁⲩⲱ ⲟⲩⲛ̅ⲧⲁⲛ ⲙ̅ⲙⲁⲩ ⲙ̅ⲡϣⲁϫⲉ ⲙ̅ⲡⲉⲡⲣⲟⲫⲏⲧⲏⲥ ⲉϥⲧⲁϫⲣⲏⲩ. ⲡⲁⲓ ⲕⲁⲗⲱⲥ ⲧⲉⲧⲛ̅ⲉⲓⲣⲉ ⲙ̅ⲙⲟϥ ⲉⲧⲉⲧⲛ̅ϯϩⲧⲏⲧⲛ̅ ⲉⲣⲟϥ ⲛ̅ⲑⲉ ⲛ̅ⲟⲩϩⲏⲃⲥ ⲉϥⲙⲟⲩϩ ϩⲛ̅ ⲟⲩⲙⲁ ⲛ̅ⲕⲁⲕⲉ. ϣⲁⲛⲧⲉ ⲡⲉϩⲟⲟⲩ ⲣ̅ⲟⲩⲟⲉⲓⲛ. ⲛ̅ⲧⲉ ⲡⲥⲟⲩ ⲛ̅ϩⲧⲟⲟⲩⲉ ϣⲁ ϩⲛ̅ ⲛⲉⲧⲛ̅ϩⲏⲧ.
Second Epistle of St. Peter	1	20	 ⲫⲁⲓ ⲇⲉ ⲛ̀ϣⲟⲣⲡ ⲉⲣⲉⲧⲉⲛⲉⲙⲓ ⲉ̀ⲣⲟϥ ϫⲉ ⲡⲣⲟⲫⲏⲧⲓⲁ ⲛⲓⲃⲉⲛ ⲛ̀ⲧⲉ ⲛⲓⲅⲣⲁⲫⲏ ⲛⲁⲣⲉ ⲡⲟⲩⲃⲱⲗ ϣⲟⲡ ⲉ̀ⲃⲟⲗ ϩⲓⲧⲟⲧⲟⲩ ⲙ̀ⲙⲁⲩⲁⲧⲟⲩ ⲁⲛ							 τοῦτο πρῶτον γινώσκοντες ὅτι πᾶσα προφητεία γραφῆς ἰδίας ἐπιλύσεως οὐ γίνεται,	 But first knowing this, that all prophecies of the Scriptures--their explanation was being made not for themselves alone.	 ⲡⲁⲓ ⲛ̅ϣⲟⲣⲡ̅ ⲉⲧⲉⲧⲛ̅ⲉⲓⲙⲉ ⲉⲣⲟϥ. ϫⲉ ⲡⲣⲟⲫⲏⲧⲉⲓⲁ ⲛⲓⲙ ⲛⲅ̅ⲣⲁⲫⲏ ⲙⲉⲣⲉ ⲡⲉⲥⲃⲱⲗ ϣⲱⲡⲉ ϩⲁⲣⲟⲥ ⲙⲁⲩⲁⲁⲥ.
Second Epistle of St. Peter	1	21	 ⲟⲩⲇⲉ ⲅⲁⲣ ϧⲉⲛ ⲫⲟⲩⲱϣ ⲛ̀ⲣⲱⲙⲓ ⲁⲛ ⲁⲩⲓⲛⲓ ⲛ̀ⲟⲩⲡⲣⲟⲫⲏⲧⲓⲁ ⲛ̀ⲟⲩⲥⲏⲟⲩ ⲁⲗⲗⲁ ⲁⲩⲥⲁϫⲓ ⲛ̀ϫⲉ ϩⲁⲛⲣⲱⲙⲓ ϧⲉⲛ ⲫⲟⲩⲱϣ ⲙ̀ⲫϯ ⲛ̀ϧⲣⲏⲓ ⲡⲓⲡⲛ̅ⲁ̅ ⲉⲑⲟⲩⲁⲃ							 οὐ γὰρ θελήματι ἀνθρώπου ἠνέχθη προφητεία ποτέ, ἀλλὰ ὑπὸ πνεύματος ἁγίου φερόμενοι ἐλάλησαν ἀπὸ θεοῦ ἄνθρωποι.	 For neither by (the) wish of man was a prophecy brought at a time, but men spake by (the) wish of God in the holy spirit.	 ⲛ̅ⲧⲁⲩⲉⲓⲛⲉ ⲅⲁⲣ ⲁⲛ ⲛ̅ⲧⲉⲡⲣⲟⲫⲏⲧⲉⲓⲁ ⲙ̅ⲡⲉⲓⲟⲩⲟⲉⲓϣ ϩⲛ̅ ⲟⲩⲱϣ ⲛ̅ⲣⲱⲙⲉ. ⲁⲗⲗⲁ ⲛ̅ⲧⲁⲩϣⲁϫⲉ ⲛ̅ϭⲓ ⲛ̅ⲣⲱⲙⲉ ⲉⲧⲟⲩⲁⲁⲃ ⲙ̅ⲡⲛⲟⲩⲧⲉ ⲉⲩⲕⲓⲙ ⲉⲣⲟⲟⲩ ϩⲓⲧⲙ̅ ⲡⲉⲡⲛ̅ⲁ̅ ⲉⲧⲟⲩⲁⲁⲃ.
Second Epistle of St. Peter	2	1	 ⲁⲩϣⲱⲡⲓ ⲛ̀ϫⲉ ϩⲁⲛⲕⲉⲡⲣⲟⲫⲏⲧⲏⲥ ⲛ̀ⲛⲟⲩϫ ⲛ̀ϧⲣⲏⲓ ϧⲉⲛ ⲡⲓⲗⲁⲟⲥ ⲙ̀ⲫⲣⲏϯ ⲟⲛ ⲉⲧⲟⲩⲛⲁϣⲱⲡⲓ ϧⲉⲛ ⲑⲏⲛⲟⲩ ⲛ̀ϫⲉ ϩⲁⲛⲣⲉϥϯⲥⲃⲱ ⲛ̀ⲛⲟⲩϫ ⲛⲁⲓ ⲉⲧⲟⲩⲛⲁⲓⲛⲓ ⲉ̀ϧⲟⲩⲛ ⲛ̀ⲟⲩϩⲉⲣⲉⲥⲓⲥ ⲛ̀ⲁⲅⲱ ⲟⲩⲟϩ ⲫⲛⲏⲃ ⲉⲧⲁϥϣⲟⲡⲟ ⲉⲩϫⲱⲗ ⲙ̀ⲙⲟϥ ⲉ̀ⲃⲟⲗ ⲉⲩⲓⲛⲓ ⲛⲱⲟⲩ ⲛ̀ⲟⲩⲁⲅⲱ ⲛ̀ⲭⲱⲗⲉⲙ							 Ἐγένοντο δὲ καὶ ψευδοπροφῆται ἐν τῷ λαῷ, ὡς καὶ ἐν ὑμῖν ἔσονται ψευδοδιδάσκαλοι, οἵτινες παρεισάξουσιν αἱρέσεις ἀπωλείας, καὶ τὸν ἀγοράσαντα αὐτοὺς δεσπότην ἀρνούμενοι, ἐπάγοντες ἑαυτοῖς ταχινὴν ἀπώλειαν·	 There were false prophets also among the people, as also false teachers will be among you; they who will bring in a heresy of perdition, and denying (the) lord who bought them, bringing to themselves a quick perdition.	 ⲁⲩϣⲱⲡⲉ ⲇⲉ ⲛ̅ϭⲓ ϩⲉⲛⲡⲣⲟⲫⲏⲧⲏⲥ ⲛ̅ⲛⲟⲩϫ ⲕⲁⲧⲁ ⲑⲉ ⲉⲧⲉ ⲟⲩⲛ̅ ϩⲉⲛⲥⲁϩ ⲛ̅ⲛⲟⲩϫ ⲛⲁϣⲱⲡⲉ ⲛ̅ϩⲏⲧ ⲧⲏⲩⲧⲛ̅. ⲛⲁⲓ ⲉⲧⲛⲁⲉⲓⲛⲉ ⲉϩⲟⲩⲛ ⲛ̅ϩⲉⲛϩⲁⲓⲣⲉⲥⲓⲥ ⲛ̅ⲧⲁⲕⲟ. ⲁⲩⲱ ⲉⲩⲁⲣⲛⲁ ⲙ̅ⲡϫⲟⲉⲓⲥ ⲛ̅ⲧⲁϥϣⲟⲡⲟⲩ. ⲉⲩⲉⲓⲛⲉ ⲉϩⲣⲁⲓ ⲉϫⲱⲟⲩ ⲛ̅ⲟⲩⲧⲁⲕⲟ ϩⲛ̅ ⲟⲩϭⲉⲡⲏ.
Second Epistle of St. Peter	2	2	 ⲟⲩⲟϩ ϩⲁⲛⲙⲏϣ ⲉⲩⲥⲱⲕ ⲛ̀ⲥⲁ ⲛⲟⲩⲥⲱϥ ⲟⲩⲟϩ ⲉ̀ⲃⲟⲗ ϩⲓⲧⲟⲧⲟⲩ ⲉⲩϫⲉⲟⲩⲁ ⲉ̀ⲫⲙⲱⲓⲧ ⲛ̀ⲧⲉ ϯⲙⲉⲑⲙⲏⲓ							 καὶ πολλοὶ ἐξακολουθήσουσιν αὐτῶν ταῖς ἀσελγείαις, διʼ οὓς ἡ ὁδὸς τῆς ἀληθείας βλασφημηθήσεται·	 And many shall draw after their defilements; and through them (the) way of the truth shall be blasphemed.	 ⲁⲩⲱ ⲟⲩⲛ ⲟⲩⲙⲏⲏϣⲉ ⲛⲁⲟⲩⲁϩⲟⲩ ⲛ̅ⲥⲁ ⲛⲉⲩⲥⲱⲱϥ. ⲛⲁⲓ ⲉⲧⲟⲩⲛⲁϫⲓⲟⲩⲁ ⲉⲧⲃⲏⲏⲧⲟⲩ ⲉⲡⲉⲟⲟⲩ ⲛ̅ⲧⲙⲛ̅ⲧⲉⲣⲟ.
Second Epistle of St. Peter	2	3	 ⲟⲩⲟϩ ⲛ̀ϧⲣⲏⲓ ϧⲉⲛ ϩⲁⲛⲙⲉⲧϭⲓⲛϫⲟⲛⲥ ⲙ̀ⲡⲗⲁⲥⲧⲟⲛ ⲛ̀ⲥⲁϫⲓ ⲉⲩⲉⲣⲓⲉⲃϣⲱⲧ ⲙ̀ⲙⲱⲧⲉⲛ ⲛⲁⲓ ⲉⲧⲉ ⲡⲟⲩϩⲁⲡ ⲓⲥϫⲉⲛ ϩⲏ ϥⲕⲟⲣϥ ⲁⲛ ⲟⲩⲟϩ ⲧⲟⲩⲁⲅⲱ ⲛⲁϩⲓⲛⲓⲙ ⲁⲛ							 καὶ ἐν πλεονεξίᾳ πλαστοῖς λόγοις ὑμᾶς ἐμπορεύσονται· οἷς τὸ κρίμα ἔκπαλαι οὐκ ἀργεῖ, καὶ ἡ ἀπώλεια αὐτῶν οὐ νυστάζει.	 And in wrongdoings with feigned word they shall make trade of you: they whose judgement from (the) beginning is not done away, and their perdition will not slumber.	 ⲁⲩⲱ ⲥⲉⲛⲁⲣ̅ⲉⲓⲉⲡϣⲱⲧ ⲙ̅ⲙⲱⲧⲛ̅ ϩⲛ̅ ϩⲉⲛϣⲁϫⲉ ⲛ̅ϭⲟⲗ ϩⲛ̅ ⲟⲩϫⲓ ⲛ̅ϭⲟⲛⲥ̅. ⲛⲁⲓ ⲉⲧⲉⲙ̅ⲡⲉ ⲡϩⲁⲡ ⲥⲁϩⲱⲱϥ ⲉⲃⲟⲗ ⲙ̅ⲙⲟⲟⲩ ϫⲓⲛ ⲛ̅ϣⲟⲣⲡ̅. ⲁⲩⲱ ⲙ̅ⲡⲉⲩⲧⲁⲕⲟ ⲛⲁⲱⲃϣ̅ ⲁⲛ.
Second Epistle of St. Peter	2	4	 ⲓⲥϫⲉ ⲫϯ ⲙ̀ⲡⲉϥϯⲁⲥⲟ ⲉ̀ⲛⲓⲁⲅⲅⲉⲗⲟⲥ ⲉⲧⲁⲩⲉⲣⲛⲟⲃⲓ ⲁⲗⲗⲁ ⲛ̀ϧⲣⲏⲓ ϧⲉⲛ ϩⲁⲛⲥⲛⲁⲩϩ ⲛ̀ⲅⲛⲟⲫⲟⲥ ϧⲉⲛ ⲡⲓⲧⲁⲣⲧⲁⲣⲟⲥ ⲁϥⲧⲏⲓⲧⲟⲩ ⲉ̀ⲑⲣⲟⲩⲁⲣⲉϩ ⲉ̀ⲣⲱⲟⲩ ⲉ̀ⲡϩⲁⲡ ⲟⲩⲟϩ ⲉ̀ⲉⲣⲕⲟⲗⲁⲍⲓⲛ ⲙ̀ⲙⲱⲟⲩ							 Εἰ γὰρ ὁ θεὸς ἀγγέλων ἁμαρτησάντων οὐκ ἐφείσατο, ἀλλὰ σειραῖς ζόφου ταρταρώσας παρέδωκεν εἰς κρίσιν τηρουμένους,	 If God spared not the angels who sinned, but in bonds of gloom in the Tartaros gave them to be kept for (the) judgement and to be punished.	 ⲉϣϫⲉ ⲙ̅ⲡⲉ ⲡⲛⲟⲩⲧⲉ ⲅⲁⲣ ϯⲥⲟ ⲉⲛ̅ⲁⲅⲅⲉⲗⲟⲥ ⲛ̅ⲧⲉⲣⲟⲩⲣ̅ⲛⲟⲃⲉ. ⲁⲗⲗⲁ ⲁϥⲛⲟϫⲟⲩ ⲉⲡⲉⲥⲏⲧ ⲉⲡⲛⲟⲩⲛ ϩⲛ̅ ϩⲉⲛⲕⲁⲕⲉ ⲛ̅ⲁⲧⲁⲣⲏϫⲛⲟⲩ. ⲁϥⲧⲁⲁⲩ ⲉϩⲁⲣⲉϩ ⲉⲣⲟⲟⲩ ⲉⲧⲉⲕⲣⲓⲥⲓⲥ ⲉⲩⲕⲟⲗⲁⲍⲉ ⲙ̅ⲙⲟⲟⲩ.
Second Epistle of St. Peter	2	5	 ⲟⲩⲟϩ ⲡⲓⲁⲣⲭⲉⲟⲥ ⲛ̀ⲕⲟⲥⲙⲟⲥ ⲙ̀ⲡⲉϥϯⲁⲥⲟ ⲉ̀ⲣⲟϥ ⲁⲗⲗⲁ ⲛⲱⲉ ⲡⲓⲙⲁϩⲏ̅ ⲛ̀ⲕⲩⲣⲓⲝ ⲛ̀ⲧⲉ ϯⲙⲉⲑⲙⲏⲓ ⲁϥⲁⲣⲉϩ ⲉ̀ⲣⲟϥ ⲁϥⲓⲛⲓ ⲛ̀ⲟⲩⲕⲁⲧⲁⲕⲗⲩⲥⲙⲟⲥ ⲉ̀ϫⲉⲛ ⲡⲓⲕⲟⲥⲙⲟⲥ ⲛ̀ⲧⲉ ⲛⲓⲁⲥⲉⲃⲏⲥ							 καὶ ἀρχαίου κόσμου οὐκ ἐφείσατο, ἀλλὰ ὄγδοον Νῶε δικαιοσύνης κήρυκα ἐφύλαξεν, κατακλυσμὸν κόσμῳ ἀσεβῶν ἐπάξας,	 And the ancient world he spared not, but Nōe the eighth herald of [the] righteousness he kept, he brought a flood upon the world of the ungodly;	 ⲁⲩⲱ ⲙ̅ⲡⲉϥϯⲥⲟ ⲉⲡⲕⲟⲥⲙⲟⲥ ⲛ̅ⲁⲣⲭⲁⲓⲟⲥ. ⲁⲗⲗⲁ ⲉⲡⲙⲉϩϣⲙⲟⲩⲛ ⲡⲉ ⲛⲱϩⲉ ⲁϥϩⲁⲣⲉϩ ⲉⲣⲟϥ ⲛ̅ⲕⲩⲣⲩⲝ ⲛ̅ⲧⲇⲓⲕⲁⲓⲟⲥⲩⲛⲏ. ⲉⲁϥⲉⲓⲛⲉ ⲛ̅ⲟⲩⲕⲁⲧⲁⲕⲗⲩⲥⲙⲟⲥ ⲉϫⲙ̅ ⲡⲕⲟⲥⲙⲟⲥ ⲛ̅ⲛ̅ⲁⲥⲉⲃⲏⲥ.
Second Epistle of St. Peter	2	6	 ⲟⲩⲟϩ ⲛⲓⲕⲉⲡⲟⲗⲓⲥ ⲥⲟⲇⲟⲙⲁ ⲛⲉⲙ ⲅⲟⲙⲟⲣⲣⲁ ⲁϥⲣⲟⲕϩⲟⲩ ⲁϥⲉⲣⲕⲁⲧⲁⲕⲣⲓⲛⲓⲛ ⲙ̀ⲙⲱⲟⲩ ⲟⲩⲟϩ ⲁϥⲭⲁⲩ ⲉⲩⲥⲙⲟⲧ ⲛ̀ⲛⲓⲁⲥⲉⲃⲏⲥ ⲉⲑⲛⲁϣⲱⲡⲓ							 καὶ πόλεις Σοδόμων καὶ Γομόρρας τεφρώσας καταστροφῇ κατέκρινεν, ὑπόδειγμα μελλόντων ἀσεβέσιν τεθεικώς,	 and the cities also Sodoma and Gomorra he burnt, he condemned, and he set them for an example of the ungodly who will be;	 ⲁⲩⲱ ⲙ̅ⲡⲟⲗⲉⲓⲥ ⲛ̅ⲥⲟⲇⲟⲙⲁ ⲙⲛ̅ ⲅⲟⲙⲟⲣⲣⲁ ⲁϥⲣⲟⲕϩⲟⲩ. ⲉⲁϥⲧϭⲁⲓⲟⲟⲩ ϩⲛ̅ ⲟⲩϣⲟⲣϣⲣ̅ ⲉⲁϥⲕⲁⲁⲩ ⲙ̅ⲙⲁⲉⲓⲛ ⲛ̅ⲛⲉⲧⲛⲁⲣ̅ⲙⲛ̅ⲧϣⲁϥⲧⲉ.
Second Epistle of St. Peter	2	7	 ⲟⲩⲟϩ ⲡⲓⲑⲙⲏⲓ ⲗⲱⲧ ⲁϥⲛⲁϩⲙⲉϥ ⲉⲩϭⲓ ⲙ̀ⲙⲟϥ ⲛ̀ϫⲟⲛⲥ ⲉ̀ⲃⲟⲗ ϩⲓⲧⲉⲛ ⲡⲟⲩⲥⲙⲟⲧ ⲉⲧϩⲱⲟⲩ ⲛ̀ⲧⲉ ⲡⲟⲩϫⲓⲛⲙⲟϣⲓ ⲉⲧⲥⲱϥ							 καὶ δίκαιον Λὼτ καταπονούμενον ὑπὸ τῆς τῶν ἀθέσμων ἐν ἀσελγείᾳ ἀναστροφῆς ἐρρύσατο—	 and the righteous Lot he saved, being injured by their evil example of their defiling walk (of life);	 ⲁⲩⲱ ⲡⲇⲓⲕⲁⲓⲟⲥ ⲗⲱⲧ. ⲉⲩⲑⲙ̅ⲕⲟ ⲙ̅ⲙⲟϥ ϩⲓⲧⲛ̅ ⲛⲉϩⲃⲏⲩⲉ ⲛ̅ⲛⲁⲛⲟⲙⲟⲥ ⲉⲧϩⲛ̅ ⲟⲩⲥⲱⲱϥ ⲁϥⲛⲟⲩϩⲙ̅ ⲙ̅ⲙⲟϥ.
Second Epistle of St. Peter	2	8	 ϧⲉⲛ ⲟⲩⲥⲱⲙⲥ ⲅⲁⲣ ⲛⲉⲙ ⲟⲩⲥⲱⲧⲉⲙ ⲉ̀ⲛⲁϥϣⲟⲡ ⲛ̀ϧⲣⲏⲓ ⲛ̀ϧⲏⲧⲟⲩ ⲛ̀ϫⲉ ⲡⲓⲑⲙⲏⲓ ⲛ̀ⲉϩⲟⲟⲩ ϧⲁⲧϩⲏ ⲛ̀ⲉϩⲟⲟⲩ ⲟⲩⲟϩ ⲛⲁⲩϯⲙⲕⲁϩ ⲛ̀ⲟⲩⲯⲩⲭⲏ ⲛ̀ⲟⲩⲑⲙⲏⲓ ⲛ̀ϧⲣⲏⲓ ϧⲉⲛ ϩⲁⲛϩⲃⲏⲟⲩⲓ ⲛ̀ⲁⲛⲟⲙⲟⲥ							 βλέμματι γὰρ καὶ ἀκοῇ ὁ δίκαιος ἐγκατοικῶν ἐν αὐτοῖς ἡμέραν ἐξ ἡμέρας ψυχὴν δικαίαν ἀνόμοις ἔργοις ἐβασάνιζεν—	 for in [a] viewing and [a] hearing the righteous (man) was dwelling among them day by day, and they were paining a soul of a righteous (man) in lawless works.	 ⲛⲉ ⲟⲩⲇⲓⲕⲁⲓⲟⲥ ⲅⲁⲣ ⲡⲉ ϩⲙ̅ ⲡⲉϥⲛⲁⲩ ⲙⲛ̅ ⲡⲉϥⲥⲱⲧⲙ̅. ⲉϥⲟⲩⲏϩ ϩⲣⲁⲓ ⲛ̅ϩⲏⲧⲟⲩ ⲛ̅ⲟⲩϩⲟⲟⲩ ⲉⲃⲟⲗ ϩⲛ̅ ⲟⲩϩⲟⲟⲩ. ⲉⲩⲙⲟⲩⲕϩ̅ ⲛ̅ⲧⲉⲯⲩⲭⲏ ⲙ̅ⲡⲇⲓⲕⲁⲓⲟⲥ ϩⲛ̅ ϩⲉⲛϩⲃⲏⲩⲉ ⲛ̅ⲁⲛⲟⲙⲟⲛ.
Second Epistle of St. Peter	2	9	 ϥⲥⲱⲟⲩⲛ ⲅⲁⲣ ⲛ̀ϫⲉ ⲡϭ̅ⲥ̅ ⲉ̀ⲛⲟϩⲉⲙ ⲛ̀ⲛⲓⲉⲩⲥⲉⲃⲏⲥ ⲉ̀ⲃⲟⲗ ϧⲉⲛ ⲛⲓⲡⲓⲣⲁⲥⲙⲟⲥ ⲛⲓⲟϫⲓ ⲇⲉ ⲉϥⲉ̀ⲁⲣⲉϩ ⲉ̀ⲣⲱⲟⲩ ⲉ̀ⲡⲉϩⲟⲟⲩ ⲙ̀ⲡϩⲁⲡ ⲉ̀ⲉⲣⲕⲟⲗⲁⲍⲓⲛ ⲙ̀ⲙⲱⲟⲩ							 οἶδεν κύριος εὐσεβεῖς ἐκ πειρασμοῦ ῥύεσθαι, ἀδίκους δὲ εἰς ἡμέραν κρίσεως κολαζομένους τηρεῖν,	 For the Lord knoweth (how) to save the godly from the temptations, But the unjust he shall keep for (the) day of (the) judgement to punish them.	 ⲡϫⲟⲉⲓⲥ ⲥⲟⲟⲩⲛ ⲉⲛⲉϩⲙ̅ ⲛ̅ⲣⲙ̅ⲛ̅ⲛⲟⲩⲧⲉ ϩⲙ̅ ⲟⲩϩⲟⲟⲩ ⲙ̅ⲡⲉⲓⲣⲁⲥⲙⲟⲥ. ⲛ̅ⲣⲉϥⲣ̅ⲛⲟⲃⲉ ⲇⲉ ⲉϩⲁⲣⲉϩ ⲉⲣⲟⲟⲩ ⲉⲡⲉϩⲟⲟⲩ ⲛ̅ⲧⲉⲕⲣⲓⲥⲓⲥ ⲉⲕⲟⲗⲁⲍⲉ ⲙ̅ⲙⲟⲟⲩ.
Second Epistle of St. Peter	2	10	 ⲛ̀ϩⲟⲩⲟ ⲙⲁⲗⲗⲟⲛ ⲛⲏ ⲉⲑⲙⲟϣⲓ ⲛ̀ⲥⲁⲫⲁϩⲟⲩ ⲛ̀ⲧⲥⲁⲣⲝ ⲛ̀ϧⲣⲏⲓ ϧⲉⲛ ϩⲁⲛⲉⲡⲓⲑⲩⲙⲓⲁ ⲉⲧⲥⲟϥ ⲟⲩⲟϩ ϯⲙⲉⲧϭ̅ⲥ̅ ⲉⲩⲉⲣⲕⲁⲧⲁⲫⲣⲟⲛⲓⲛ ⲙ̀ⲙⲟⲥ ⲉⲩⲉⲣⲧⲟⲗⲙⲁⲛ ⲉ̀ϯⲙⲉⲧⲁⲩⲑⲁⲧⲏⲥ ⲛⲓⲱⲟⲩ ⲥⲉⲥⲑⲉⲣⲧⲉⲣ ⲁⲛ ϧⲁⲧⲟⲩϩⲏ ⲉⲩϫⲉⲟⲩⲁ							 μάλιστα δὲ τοὺς ὀπίσω σαρκὸς ἐν ἐπιθυμίᾳ μιασμοῦ πορευομένους καὶ κυριότητος καταφρονοῦντας. Τολμηταί, αὐθάδεις, δόξας οὐ τρέμουσιν, βλασφημοῦντες,	 Much more those who walk after (the) flesh in defiling lusts and despising [the] dominion; daring [the] stubbornness, they tremble not before the glories, blaspheming;	 ⲛ̅ϩⲟⲩⲟ ⲇⲉ ⲛⲉⲛⲧⲁⲩⲃⲱⲕ ϩⲓ ⲡⲁϩⲟⲩ ⲛ̅ⲛⲉⲩⲥⲁⲣⲝ ϩⲛ̅ ⲟⲩⲉⲡⲓⲑⲩⲙⲓⲁ ⲛ̅ⲥⲱⲱϥ. ⲉⲁⲩⲕⲁⲧⲁⲫⲣⲟⲛⲉⲓ ⲛ̅ⲧⲙⲛ̅ⲧϫⲟⲉⲓⲥ. ⲉϩⲉⲛⲣⲉϥⲧⲟⲗⲙⲁ ⲛⲉ ⲉⲧⲙⲛ̅ⲧⲁⲩⲑⲁⲇⲏⲥ ⲛ̅ⲥⲉⲥⲧⲱⲧ ⲁⲛ ϩⲏⲧϥ̅ ⲙ̅ⲡⲉⲟⲟⲩ ⲉⲩϫⲓⲟⲩⲁ.
Second Epistle of St. Peter	2	11	 ⲉ̀ⲫⲙⲁ ⲉⲧⲉ ⲛⲓⲁⲅⲅⲉⲗⲟⲥ ⲙ̀ⲙⲟϥ ⲉⲩⲟⲓ ⲛ̀ⲛⲓϣϯ ϧⲉⲛ ⲟⲩⲛⲟⲙϯ ⲛⲉⲙ ⲟⲩϫⲟⲙ ⲛ̀ⲥⲉⲓⲛⲓ ⲁⲛ ⲛ̀ⲟⲩϩⲁⲡ ⲛ̀ϫⲉⲟⲩⲁ ϧⲁⲣⲱⲟⲩ							 ὅπου ἄγγελοι ἰσχύϊ καὶ δυνάμει μείζονες ὄντες οὐ φέρουσιν κατʼ αὐτῶν βλάσφημον κρίσιν.	 instead of which the angels being great in [a] might and [a] power bring not a blaspheming judgement against them.	 ⲡⲙⲁ ⲉⲧⲉⲣⲉ ⲛ̅ⲁⲅⲅⲉⲗⲟⲥ ⲟ ⲛ̅ⲛⲟϭ ⲛ̅ϩⲏⲧϥ ϩⲛ̅ ⲟⲩϭⲟⲙ ⲙⲛ̅ ⲟⲩⲙⲛ̅ⲧϫⲱⲱⲣⲉ. ⲛⲉⲩⲉⲓⲛⲉ ⲉϫⲱⲟⲩ ⲛ̅ⲟⲩϩⲁⲡ ⲛ̅ⲟⲩⲁ.
Second Epistle of St. Peter	2	12	 ⲛⲁⲓ ⲇⲉ ⲛ̀ⲑⲱⲟⲩ ⲥⲉⲉⲣⲙ̀ⲫⲣⲏϯ ⲛ̀ϩⲁⲛⲧⲉⲃⲛⲱⲟⲩⲓ ⲛ̀ⲁⲧⲥⲁϫⲓ ⲉ̀ϩⲁⲛⲫⲩⲥⲓⲕⲟⲛ ⲛⲉ ⲉ̀ⲡⲧⲁⲕⲟ ⲛⲉⲙ ⲡϥⲱϯ ⲉ̀ⲃⲟⲗ ⲉⲩϫⲉⲟⲩⲁ ϧⲉⲛ ⲛⲁⲓ ⲉⲧⲉ ⲛ̀ⲥⲉⲉⲙⲓ ⲉ̀ⲣⲱⲟⲩ ⲁⲛ ⲛ̀ϧⲣⲏⲓ ϧⲉⲛ ⲡⲟⲩⲧⲁⲕⲟ ⲉⲩⲉ̀ⲧⲁⲕⲟ							 οὗτοι δέ, ὡς ἄλογα ζῷα γεγεννημένα φυσικὰ εἰς ἅλωσιν καὶ φθοράν, ἐν οἷς ἀγνοοῦσιν βλασφημοῦντες, ἐν τῇ φθορᾷ αὐτῶν καὶ φθαρήσονται,	 But these indeed (pron.) are like to speechless beasts, being natural (things) for (the) destruction and (the) extermination; blaspheming in these things which they know not, in their destruction they shall be destroyed;	 ⲛⲁⲓ ⲉⲁⲩϫⲡⲟⲟⲩ ⲛ̅ⲑⲉ ⲛ̅ⲛⲉⲓⲫⲩⲥⲓⲕⲟⲛ ⲛ̅ⲧⲃ̅ⲛⲏ ⲉⲩⲱϫⲛ̅ ⲙⲛ̅ ⲟⲩⲧⲁⲕⲟ. ⲉⲩϫⲓⲟⲩⲁ ⲉⲛⲉⲧⲉ ⲛ̅ⲥⲉⲥⲟⲟⲩⲛ ⲙ̅ⲙⲟⲟⲩ ⲁⲛ. ⲥⲉⲛⲁⲧⲁⲕⲟ ϩⲣⲁⲓ ϩⲙ̅ ⲡⲉⲩⲧⲁⲕⲟ.
Second Epistle of St. Peter	2	13	 ⲟⲩⲟϩ ⲉⲩⲉ̀ϭⲓ ⲙ̀ⲫⲃⲉⲭⲉ ⲛ̀ⲧⲉ ⲡⲟⲩϭⲓⲛ̀ϫⲟⲛⲥ ⲉⲩⲓⲣⲓ ⲙ̀ⲡⲓⲟⲩⲛⲟϥ ⲉⲧϧⲉⲛ ⲡⲓⲉϩⲟⲟⲩ ⲛ̀ⲟⲩϩⲩⲇⲟⲛⲏ ⲉⲩⲟⲓ ⲛ̀ⲁϭⲛⲓ ⲟⲩⲟϩ ⲉⲩⲉ̀ⲑⲱⲗⲉⲃ ⲉⲩⲟⲩⲛⲟϥ ⲛ̀ϧⲣⲏⲓ ϧⲉⲛ ⲛⲟⲩⲁⲡⲁⲧⲏ ⲟⲩⲟϩ ⲉⲩⲟⲩⲛⲟϥ ⲛⲉⲙⲱⲧⲉⲛ ⲉⲩⲟⲓ ⲙ̀ⲙⲁⲛⲉⲥⲱⲟⲩ ⲉ̀ⲣⲱⲟⲩ							 ἀδικούμενοι μισθὸν ἀδικίας· ἡδονὴν ἡγούμενοι τὴν ἐν ἡμέρᾳ τρυφήν, σπίλοι καὶ μῶμοι ἐντρυφῶντες ἐν ταῖς ἀπάταις αὐτῶν συνευωχούμενοι ὑμῖν,	 and they shall receive (the) reward of their wrongdoing, making [the] delight which is in the day (a) pleasure, being as spot and for a stain, delighting in their deceits, and delighting with you, (they) being shepherds to them(selves);	 ⲉⲁⲩϫⲓ ⲛ̅ⲟⲩⲃⲉⲕⲉ ⲛ̅ϫⲓ ⲛ̅ϭⲟⲛⲥ̅. ⲉⲩⲱⲡ ⲛ̅ⲧⲉⲧⲣⲩⲫⲏ ⲉⲧϩⲙ̅ ⲡⲉϩⲟⲟⲩ ⲉⲩϩⲏⲇⲟⲛⲏ. ⲉⲩⲧⲟⲗⲙⲁ ⲁⲩⲱ ⲉⲩϫⲁϩⲙ̅ ⲉⲩⲧⲣⲩⲫⲏ ⲉⲩⲟⲩⲛⲟϥ ϩⲣⲁⲓ ϩⲛ̅ ⲛⲉⲩⲁⲅⲁⲡⲏ.
Second Epistle of St. Peter	2	14	 ⲉ̀ⲟⲩⲟⲛ ⲛ̀ⲧⲱⲟⲩ ⲛ̀ϩⲁⲛⲃⲁⲗ ⲉⲩⲙⲉϩ ⲙ̀ⲙⲉⲧⲛⲱⲓⲕ ⲛⲉⲙ ⲟⲩⲙⲉⲧⲁⲧⲕⲏⲛ ⲛ̀ⲧⲉ ⲫⲛⲟⲃⲓ ⲉⲩⲓⲛⲓ ⲛⲱⲟⲩ ⲛ̀ⲟⲩⲁⲅⲱ ⲛ̀ⲭⲱⲗⲉⲙ ⲟⲩⲟⲛ ⲟⲩⲙⲏϣ ⲛ̀ⲁⲟⲩⲁϩⲥⲁϩⲛⲓ ⲛ̀ⲥⲁ ⲛⲟⲩⲛⲟⲃⲓ ⲉⲩⲉⲣϩⲁⲗ ⲛ̀ϩⲁⲛⲯⲩⲭⲏ ⲛ̀ⲥⲉⲧⲁϫⲣⲏⲟⲩⲧ ⲁⲛ ⲉ̀ⲟⲩⲟⲛⲧⲱⲟⲩ ⲛ̀ⲟⲩϩⲏⲧ ⲉϥⲉⲣⲅⲩⲙⲛ̅ⲁ̅ⲍⲉⲥⲑⲉ ϧⲉⲛ ⲟⲩϭⲓⲛ̀ϫⲟⲛⲥ ⲉ̀ϩⲁⲛϣⲏⲣⲓ ⲛⲉ ⲛ̀ⲧⲉ ⲡⲥⲁϩⲟⲩⲓ							 ὀφθαλμοὺς ἔχοντες μεστοὺς μοιχαλίδος καὶ ἀκαταπαύστους ἁμαρτίας, δελεάζοντες ψυχὰς ἀστηρίκτους, καρδίαν γεγυμνασμένην πλεονεξίας ἔχοντες, κατάρας τέκνα,	 having eyes full of adultery, and an unceasingness of (the) sin, bringing to themselves [a] quick perdition; there are many (who) will follow their sins. Deceiving souls which are not firm; having a heart exercised in [a] wrongdoing; being children of (the) curse;	 ⲉⲣⲉ ⲛⲉⲩⲃⲁⲗ ⲙⲉϩ ⲙ̅ⲙⲛ̅ⲧⲛⲟⲉⲓⲕ. ⲁⲩⲱ ⲛ̅ⲥⲉⲕⲱ ⲛ̅ⲧⲟⲟⲧⲟⲩ ⲉⲃⲟⲗ ⲁⲛ ϩⲙ̅ ⲡⲛⲟⲃⲉ. ⲉⲩⲁⲡⲁⲧⲁ ⲛ̅ⲛⲉⲯⲩⲭⲏ ⲛ̅ⲛⲉⲧⲉ ⲛ̅ⲥⲉⲧⲁϫⲣⲏⲩ ⲁⲛ. ⲉⲁⲩⲅⲩⲙⲛⲁⲍⲉ ⲙ̅ⲡⲉⲩϩⲏⲧ ⲉϩⲉⲛⲙⲛ̅ⲧⲣⲉϥϫⲓ ⲛ̅ϭⲟⲛⲥ̅. ⲉϩⲉⲛϣⲏⲣⲉ ⲛ̅ⲧⲉ ⲡⲥⲁϩⲟⲩ ⲛⲉ.
Second Epistle of St. Peter	2	15	 ⲉ̀ⲁⲩⲭⲱ ⲛ̀ⲥⲱⲟⲩ ⲙ̀ⲡⲓⲙⲱⲓⲧ ⲉⲧⲥⲟⲩⲧⲱⲛ ⲁⲩⲥⲱⲣⲉⲙ ⲉ̀ⲁⲩⲙⲟϣⲓ ϧⲉⲛ ⲫⲙⲱⲓⲧ ⲙ̀ⲃⲁⲗⲁⲁⲙ ⲫⲁ ⲃⲟⲥⲟⲣ ⲫⲁⲓ ⲉⲧⲁϥⲙⲉⲛⲣⲉ ⲫⲃⲉⲭⲉ ⲛ̀ⲧⲉ ⲧⲁⲇⲓⲕⲓⲁ							 καταλιπόντες εὐθεῖαν ὁδὸν ἐπλανήθησαν, ἐξακολουθήσαντες τῇ ὁδῷ τοῦ Βαλαὰμ τοῦ Βοσὸρ ὃς μισθὸν ἀδικίας ἠγάπησεν	 having left the straight road, they went astray, having walked in (the) road of Balaam he of Bosor, he who loved (the) reward of (the) iniquity;	 ⲁⲩⲡⲗⲁⲛⲁ ⲉⲁⲩⲕⲱ ⲛ̅ⲥⲱⲟⲩ ⲛ̅ⲧⲉϩⲓⲏ ⲉⲧⲥⲟⲩⲧⲱⲛ. ⲉⲁⲩⲟⲩⲁϩⲟⲩ ⲛ̅ⲥⲁ ⲧⲉϩⲓⲏ ⲛ̅ⲃⲁⲗⲁϩⲁⲙ ⲡϣⲏⲣⲉ ⲛ̅ⲃⲉⲱⲣ. ⲡⲉⲛⲧⲁϥⲙⲉⲣⲉ ⲡⲃⲉⲕⲉ ⲙ̅ⲡϫⲓ ⲛ̅ϭⲟⲛⲥ̅.
Second Epistle of St. Peter	2	16	 ⲁϥϭⲓ ⲛ̀ⲟⲩⲥⲟϩⲓ ⲛ̀ⲧⲉ ⲧⲉϥⲙⲉⲧⲡⲁⲣⲁⲛⲟⲙⲟⲥ ⲉ̀ⲟⲩⲉⲱ ⲛ̀ⲁⲧⲥⲁϫⲓ ⲁⲥⲉⲣⲟⲩⲱ ⲛ̀ⲟⲩⲥⲙⲏ ⲛ̀ⲣⲱⲙⲓ ⲁⲥⲧⲁϩⲛⲟ ⲛ̀ⲑⲙⲉⲧⲁⲧϩⲏⲧ ⲛ̀ⲧⲉ ⲡⲓⲡⲣⲟⲫⲏⲧⲏⲥ							 ἔλεγξιν δὲ ἔσχεν ἰδίας παρανομίας· ὑποζύγιον ἄφωνον ἐν ἀνθρώπου φωνῇ φθεγξάμενον ἐκώλυσεν τὴν τοῦ προφήτου παραφρονίαν.	 he received a reproof of his lawlessness, a speechless ass answered with a voice of man, she prevented (the) foolishness of the prophet.	 ⲁϥϫⲓ ⲇⲉ ⲙ̅ⲡⲉϫⲡⲓⲟ ⲛ̅ⲧⲉϥⲡⲁⲣⲁⲛⲟⲙⲓⲁ ⲙ̅ⲙⲓⲛ ⲙ̅ⲙⲟϥ. ⲟⲩⲧⲃ̅ⲛⲏ ⲛⲁⲧϣⲁϫⲉ ϩⲛ̅ ⲛ̅ⲣⲱⲙⲉ ⲉⲁϥⲟⲩⲱϣⲃ̅ ⲁϥⲕⲱⲗⲩⲉ ⲛ̅ⲧⲙⲛ̅ⲧⲁⲑⲏⲧ ⲙ̅ⲡⲉⲡⲣⲟⲫⲏⲧⲏⲥ.
Second Epistle of St. Peter	2	17	 ⲛⲁⲓ ⲛⲉ ⲛⲓⲙⲟⲩⲙⲓ ⲛ̀ⲁⲑⲙⲱⲟⲩ ⲛⲉⲙ ϩⲁⲛⲛⲓϥ ⲉⲩϭⲱⲣⲉⲙ ⲛ̀ⲥⲱⲟⲩ ⲉ̀ⲃⲟⲗ ϩⲓⲧⲉⲛ ⲟⲩⲥⲁⲣⲁⲑⲏⲟⲩ ⲛⲁⲓ ⲉⲧⲁⲩⲁⲣⲉϩ ⲛⲱⲟⲩ ⲉ̀ⲡⲭⲁⲕⲓ ⲛ̀ⲧⲉ ⲧⲭⲉⲙⲥ							 Οὗτοί εἰσιν πηγαὶ ἄνυδροι καὶ ὁμίχλαι ὑπὸ λαίλαπος ἐλαυνόμεναι, οἷς ὁ ζόφος τοῦ σκότους τετήρηται.	 These are the fountains waterless, and mists driven along by a tempest; these for whom was kept (the) darkness of (the) blackness.	 ⲛⲁⲓ ⲇⲉ ϩⲉⲛⲡⲏⲅⲏ ⲛⲉ. ⲉⲙⲛ̅ ⲙⲟⲟⲩ ⲛ̅ϩⲏⲧⲟⲩ. ⲁⲩⲱ ϩⲉⲛⲛⲓϥⲉ ⲛⲉ ⲉⲣⲉ ⲟⲩϩⲁⲑⲏⲩ ϩⲓⲟⲩⲉ ⲛ̅ⲥⲱⲟⲩ. ⲛⲁⲓ ⲛ̅ⲧⲁⲩϩⲁⲣⲉϩ ⲛⲁⲩ ⲉⲡⲕⲁⲕⲉ ⲉⲧϭⲟⲙϭⲙ̅.
Second Epistle of St. Peter	2	18	 ⲉⲩⲉⲣⲟⲩⲱ ϧⲉⲛ ϩⲁⲛⲙⲉⲧⲉⲫⲗⲏⲟⲩ ⲉⲩϭⲟⲥⲓ ⲉⲩⲟⲓ ⲙ̀ⲃⲱⲕ ϧⲉⲛ ϩⲁⲛⲉⲡⲓⲑⲩⲙⲓⲁ ⲉⲩϩⲱⲟⲩ ⲛ̀ⲧⲉ ⲧⲥⲁⲣⲝ ⲛⲏ ⲉⲧⲁⲩⲫⲱⲧ ⲛ̀ⲟⲩⲕⲟⲩϫⲓ ⲟⲩⲟϩ ⲁⲩⲙⲟϣⲓ ⲛ̀ϧⲣⲏⲓ ϧⲉⲛ ⲟⲩⲡⲗⲁⲛⲏ							 ὑπέρογκα γὰρ ματαιότητος φθεγγόμενοι δελεάζουσιν ἐν ἐπιθυμίαις σαρκὸς ἀσελγείαις τοὺς ὀλίγως ἀποφεύγοντας τοὺς ἐν πλάνῃ ἀναστρεφομένους,	 Uttering [in] exalted vanities, being servants in evil lusts of (the) flesh (to) them who escaped a little, and they walked in an error;	 ⲉⲩϫⲱ ⲅⲁⲣ ⲛ̅ϩⲉⲛⲙⲛ̅ⲧϩⲣⲟⲩⲱ ⲉⲩϣⲟⲩⲉⲓⲧ. ⲉⲩⲁⲡⲁⲧⲁ ϩⲛ̅ ⲛ̅ⲉⲡⲓⲑⲩⲙⲓⲁ ⲛ̅ⲧⲥⲁⲣⲝ̅ ϩⲛ̅ ϩⲉⲛⲥⲱⲱϥ. ⲛⲉⲛⲧⲁⲩⲡⲱⲧ ⲉⲃⲟⲗ ⲛ̅ⲟⲩⲕⲟⲩⲓ. ⲛⲁⲓ ⲛ̅ⲧⲁⲩⲙⲟⲟϣⲉ ϩⲛ̅ ⲟⲩⲡⲗⲁⲛⲏ.
Second Epistle of St. Peter	2	19	 ⲉⲩⲱϣ ⲛⲱⲟⲩ ⲛ̀ⲟⲩⲙⲉⲧⲣⲉⲙϩⲉ ⲉ̀ϩⲁⲛⲃⲱⲕ ⲛ̀ⲑⲱⲟⲩ ⲛⲉ ⲛ̀ⲧⲉ ⲡⲧⲁⲕⲟ ⲫⲏ ⲅⲁⲣ ⲉⲧⲉ ⲟⲩⲟⲛ ⲟⲩⲁⲓ ϭⲣⲏⲟⲩⲧ ⲉ̀ⲣⲟϥ ϥⲟⲓ ⲙ̀ⲃⲱⲕ ⲛⲁϥ							 ἐλευθερίαν αὐτοῖς ἐπαγγελλόμενοι, αὐτοὶ δοῦλοι ὑπάρχοντες τῆς φθορᾶς· ᾧ γάρ τις ἥττηται, τούτῳ καὶ δεδούλωται.	 promising to them a freedom, being servants themselves of (the) corruption; for he by whom any one is conquered, he is servant to him.	 ⲉⲁⲩⲉⲣⲏⲧ ⲛⲁⲩ ⲛ̅ⲟⲩⲙⲛ̅ⲧⲣⲙ̅ϩⲉ. ⲛ̅ⲧⲟⲟⲩ ⲇⲉ ⲉⲩⲟ ⲛ̅ϩⲙ̅ϩⲁⲗ ⲙ̅ⲡⲧⲁⲕⲟ. ⲡⲉⲧⲉⲣⲉ ⲟⲩⲁ ⲅⲁⲣ ϭⲟⲧⲡ̅ ⲛ̅ϩⲏⲧϥ̅ ϥⲟ ⲛ̅ϩⲙ̅ϩⲁⲗ ⲛⲁϥ.
Second Epistle of St. Peter	2	20	 ⲓⲥϫⲉ ⲅⲁⲣ ⲉⲧⲁⲩⲫⲱⲧ ⲉ̀ⲃⲟⲗ ϧⲉⲛ ⲡⲓⲥⲱϥ ⲛ̀ⲧⲉ ⲡⲓⲕⲟⲥⲙⲟⲥ ⲉ̀ϧⲟⲩⲛ ⲉ̀ⲡⲥⲟⲩⲉⲛ ⲡⲉⲛϭ̅ⲥ̅ ⲓⲏ̅ⲥ̅ ⲡⲭ̅ⲥ̅ ⲡⲁⲗⲓⲛ ⲇⲉ ⲟⲛ ⲛ̀ⲧⲟⲩϭⲗⲉⲙⲗⲱⲙⲟⲩ ⲛ̀ϧⲣⲏⲓ ϧⲉⲛ ⲛⲁⲓ ⲥⲉⲛⲁϭⲣⲟ ⲉ̀ⲣⲱⲟⲩ ⲟⲩⲟϩ ⲥⲉⲛⲁϣⲱⲡⲓ ⲛ̀ϫⲉ ⲛⲟⲩϧⲁⲉⲩ ⲉⲩⲧϩⲟ ⲛⲱⲟⲩ ⲉ̀ⲛⲓϩⲟⲩⲁϯ							 εἰ γὰρ ἀποφυγόντες τὰ μιάσματα τοῦ κόσμου ἐν ἐπιγνώσει τοῦ κυρίου καὶ σωτῆρος Ἰησοῦ Χριστοῦ τούτοις δὲ πάλιν ἐμπλακέντες ἡττῶνται, γέγονεν αὐτοῖς τὰ ἔσχατα χείρονα τῶν πρώτων.	 For if having escaped from the defilement of the world into (the) knowledge of our Lord Jesus Christ, [but] they again are entangled among these, they will be conquered, and their last (states) will be worse for them than the first (states).	 ⲉϣϫⲉ ⲁⲩⲡⲱⲧ ⲅⲁⲣ ⲉⲃⲟⲗ ⲛ̅ⲛ̅ϫⲱϩⲙ̅ ⲙ̅ⲡⲕⲟⲥⲙⲟⲥ ϩⲙ̅ ⲡⲥⲟⲟⲩⲛ ⲙ̅ⲡⲉⲛϫⲟⲉⲓⲥ ⲓ̅ⲥ̅ ⲡⲉⲭ̅ⲥ̅ ⲡⲉⲛⲥⲱⲧⲏⲣ. ⲁⲩϭⲗⲟⲙⲗⲙ̅ ⲇⲉ ⲟⲛ ϩⲛ̅ ⲛⲁⲓ. ⲉⲓⲉ ⲁⲩϩⲉ. ⲁⲩⲱ ⲁ ⲛⲉⲩϩⲁⲉⲉⲩⲉ ϣⲱⲡⲉ ⲉⲩϩⲟⲟⲩ ⲉⲛⲉⲩϣⲟⲣⲡ̅.
Second Epistle of St. Peter	2	21	 ⲛⲁⲛⲉⲥ ⲅⲁⲣ ⲛⲱⲟⲩ ⲡⲉ ⲙ̀ⲡⲟⲩⲥⲟⲩⲉⲛ ⲫⲙⲱⲓⲧ ⲛ̀ⲧⲉ ϯⲙⲉⲑⲙⲏⲓ ⲉϩⲟⲧⲉ ⲉⲧⲁⲩⲥⲟⲩⲱⲛϥ ⲛ̀ⲥⲉⲧⲁⲥⲑⲟ ⲉ̀ⲃⲟⲗ ϧⲉⲛ ϯⲉⲛⲧⲟⲗⲏ ⲉⲑⲟⲩⲁⲃ ⲉⲧⲁⲩⲧⲏⲓⲥ ⲉ̀ⲧⲟⲧⲟⲩ							 κρεῖττον γὰρ ἦν αὐτοῖς μὴ ἐπεγνωκέναι τὴν ὁδὸν τῆς δικαιοσύνης ἢ ἐπιγνοῦσιν ὑποστρέψαι ἐκ τῆς παραδοθείσης αὐτοῖς ἁγίας ἐντολῆς·	 For it is good for them (if) they knew not (the) way of [the] righteousness, than having known it, that they should return from the holy commandment which was delivered to them.	 ⲥⲥⲟⲧⲡ̅ ⲅⲁⲣ ⲛⲁⲩ ⲉⲛⲉⲙ̅ⲡⲟⲩⲥⲟⲩⲉⲛ ⲧⲉϩⲓⲏ ⲛ̅ⲧⲇⲓⲕⲁⲓⲟⲥⲩⲛⲏ ⲛ̅ϩⲟⲩⲟ ⲉⲣⲟⲥ ⲉⲧⲣⲉⲩⲥⲟⲩⲱⲛⲥ̅ ⲛ̅ⲥⲉⲕⲧⲟⲟⲩ ⲉⲃⲟⲗ ϩⲛ̅ ⲧⲉⲛⲧⲟⲗⲏ ⲉⲧⲟⲩⲁⲁⲃ ⲛ̅ⲧⲁⲩⲧⲁⲁⲥ ⲉⲧⲟⲟⲧⲟⲩ.
Second Epistle of St. Peter	2	22	 ⲁⲥⲓ ⲅⲁⲣ ⲉ̀ϫⲱⲟⲩ ⲧⲁⲫⲙⲏⲓ ⲛ̀ϫⲉ ϯⲡⲁⲣⲟⲓⲙⲓⲁ ϫⲉ ⲟⲩⲟⲩϩⲱⲣ ⲁϥⲕⲟⲧϥ ⲉ̀ⲛⲉϥϣⲓϯ ⲙ̀ⲙⲓⲛ ⲙ̀ⲙⲟϥ ⲟⲩⲟϩ ⲟⲩⲉϣⲱ ⲁⲥϫⲟⲕⲙⲉⲥ ⲡⲁⲗⲓⲛ ⲟⲛ ⲁⲥⲥⲕⲉⲣⲕⲉⲣ ⲛ̀ϧⲣⲏⲓ ϧⲉⲛ ⲛⲉⲥⲗⲱⲓϩⲓ							 συμβέβηκεν αὐτοῖς τὸ τῆς ἀληθοῦς παροιμίας· Κύων ἐπιστρέψας ἐπὶ τὸ ἴδιον ἐξέραμα, καί· Ὗς λουσαμένη εἰς κυλισμὸν βορβόρου.	 For the proverb came true about them: 'A dog turned to his own vomit; and a sow (which) was washed, again rolled in her mire' (plur.).	 ⲁϥⲉⲓ ⲉϩⲣⲁⲓ ⲉϫⲱⲟⲩ ⲛ̅ϭⲓ ⲡϣⲁϫⲉ ⲛ̅ⲙ̅ⲡⲁⲣϩⲟⲓⲙⲓⲁ ⲙ̅ⲙⲉ. ϫⲉ ⲟⲩⲟⲩϩⲟⲣ ⲉⲁϥⲕⲟⲧϥ̅ ⲉⲡⲉϥⲕⲁⲃⲟⲗ. ⲁⲩⲱ ⲟⲩⲉϣⲱ ⲉⲁⲥϫⲱⲕⲙ̅ ϩⲙ̅ ⲡⲉⲥⲕⲟⲣⲕⲣ̅ ⲙ̅ⲡⲗⲟⲓϩⲉ.
Second Epistle of St. Peter	3	1	 ⲛⲁⲙⲉⲛⲣⲁϯ ⲑⲁⲓ ϩⲏⲇⲏ ⲧⲉ ⲑⲙⲁϩⲃ̅ϯ ⲛ̀ⲉⲡⲓⲥⲧⲟⲗⲏ ⲉ̀ϯⲥϧⲁⲓ ⲙ̀ⲙⲟⲥ ⲛⲱⲧⲉⲛ ⲛⲁⲓ ⲉⲧⲉ ⲛ̀ϧⲣⲏⲓ ⲛ̀ϧⲏⲧⲟⲩ ⲉⲓⲉ̀ⲧⲟⲩⲛⲟⲥ ⲡⲉⲧⲉⲛϩⲏⲧ ⲉⲧⲧⲟⲩⲃⲏⲟⲩⲧ							 Ταύτην ἤδη, ἀγαπητοί, δευτέραν ὑμῖν γράφω ἐπιστολήν, ἐν αἷς διεγείρω ὑμῶν ἐν ὑπομνήσει τὴν εἰλικρινῆ διάνοιαν,	 My beloved, this now is (the) second epistle which I write to you; these in which I shall raise (up) your sincere heart	 ⲉⲓⲥ ⲧⲙⲉϩⲥⲛ̅ⲧⲉ ⲛ̅ⲉⲡⲓⲥⲧⲟⲗⲏ ⲧⲉ ⲧⲁⲓ. ⲛⲁⲙⲉⲣⲁⲧⲉ. ⲉϯⲥϩⲁⲓ ⲙ̅ⲙⲟⲥ ⲛⲏⲧⲛ̅. ⲛⲁⲓ ⲉϯⲧⲟⲩⲛⲟⲥ ϩⲣⲁⲓ ⲛ̅ϩⲏⲧⲟⲩ ⲛ̅ⲟⲩⲣ̅ⲡⲙⲉⲉⲩⲉ ⲙ̅ⲡⲉⲧⲛ̅ϩⲏⲧ ⲉⲧⲟⲩⲁⲁⲃ.
Second Epistle of St. Peter	3	2	 ϧⲉⲛ ⲟⲩⲙⲉⲩⲓ ⲉ̀ⲉⲣⲫⲙⲉⲩⲓ ⲛ̀ⲛⲓⲥⲁϫⲓ ⲉⲧⲁⲩϫⲟⲧⲟⲩ ⲓⲥϫⲉⲛ ϣⲟⲣⲡ ⲛ̀ϫⲉ ⲛⲓⲡⲣⲟⲫⲏⲧⲏⲥ ⲉⲑⲟⲩⲁⲃ ⲛⲉⲙ ϯⲉⲛⲧⲟⲗⲏ ⲛ̀ⲧⲉ ⲛⲓⲁⲡⲟⲥⲧⲟⲗⲟⲥ ⲛ̀ⲧⲉ ⲡⲉⲛϭ̅ⲥ̅ ⲟⲩⲟϩ ⲡⲉⲛⲥⲱⲧⲏⲣ							 μνησθῆναι τῶν προειρημένων ῥημάτων ὑπὸ τῶν ἁγίων προφητῶν καὶ τῆς τῶν ἀποστόλων ὑμῶν ἐντολῆς τοῦ κυρίου καὶ σωτῆρος,	 to remember in a remembrance the words which the holy prophets said from (the) first, and the commandment of the apostles of our Lord and our saviour.	 ⲉⲧⲣⲉⲧⲉⲧⲛ̅ⲣ̅ ⲡⲙⲉⲉⲩⲉ ⲛ̅ⲛ̅ϣⲁϫⲉ ⲛ̅ⲧⲁⲩⲣϣⲣⲡ̅ ϫⲟⲟⲩ ⲉⲃⲟⲗ ϩⲓⲧⲛ̅ ⲛⲉⲡⲣⲟⲫⲏⲧⲏⲥ ⲉⲧⲟⲩⲁⲁⲃ. ⲁⲩⲱ ⲧⲉⲛⲧⲟⲗⲏ ⲛ̅ⲛ̅ⲁⲡⲟⲥⲧⲟⲗⲟⲥ ⲙ̅ⲡⲉⲛϫⲟⲉⲓⲥ ⲡⲉⲛⲥⲱⲧⲏⲣ.
Second Epistle of St. Peter	3	3	 ⲫⲁⲓ ⲇⲉ ⲛ̀ϣⲟⲣⲡ ⲁⲣⲓⲉⲙⲓ ⲉ̀ⲣⲟϥ ϫⲉ ϧⲉⲛ ⲛⲓⲉϩⲟⲟⲩ ⲛ̀ϧⲁⲉ̀ ⲉⲩⲉ̀ⲓ̀ ⲛ̀ϫⲉ ϩⲁⲛⲣⲉϥⲥⲱⲃⲓ ⲉⲩⲙⲟϣⲓ ⲕⲁⲧⲁ ⲛⲟⲩⲉⲡⲓⲑⲩⲙⲓⲁ							 τοῦτο πρῶτον γινώσκοντες ὅτι ἐλεύσονται ἐπʼ ἐσχάτων τῶν ἡμερῶν ἐν ἐμπαιγμονῇ ἐμπαῖκται κατὰ τὰς ἰδίας ἐπιθυμίας αὐτῶν πορευόμενοι	 But know this first, that in the last days mockers shall come walking according to their lusts,	 ⲡⲁⲓ ⲛ̅ϣⲟⲣⲡ ⲉⲧⲉⲧⲛ̅ⲉⲓⲙⲉ ⲉⲣⲟϥ ϫⲉ ⲥⲉⲛⲏⲩ ϩⲛ̅ ⲛ̅ϩⲁⲉⲉⲩ ⲛ̅ⲛⲉϩⲟⲟⲩ ⲛ̅ϭⲓ ϩⲉⲛⲣⲉϥϫⲏⲣ ϩⲛ̅ ⲟⲩⲙⲛ̅ⲧⲣ̅ϩⲁⲗ ⲉⲩⲙⲟⲟϣⲉ ⲕⲁⲧⲁ ⲛⲉⲩⲉⲡⲓⲑⲩⲙⲓⲁ ⲙ̅ⲙⲓⲛ ⲙ̅ⲙⲟⲟⲩ.
Second Epistle of St. Peter	3	4	 ⲟⲩⲟϩ ⲉⲩϫⲱ ⲙ̀ⲙⲟⲥ ϫⲉ ⲁⲥⲑⲱⲛ ϯⲉⲡⲁⲅⲅⲉⲗⲓⲁ ⲛ̀ⲧⲉ ⲡⲉϥϫⲓⲛⲓ̀ ⲓⲥϫⲉⲛ ⲉⲧⲁ ⲛⲉⲛⲓⲟϯ ⲅⲁⲣ ⲉⲛⲕⲟⲧ ⲛⲁⲓ ⲧⲏⲣⲟⲩ ⲥⲉϣⲟⲡ ⲙ̀ⲡⲁⲓⲣⲏϯ ⲓⲥϫⲉⲛ ⲧⲁⲣⲭⲏ ⲙ̀ⲡⲓⲥⲱⲛⲧ							 καὶ λέγοντες· Ποῦ ἐστιν ἡ ἐπαγγελία τῆς παρουσίας αὐτοῦ; ἀφʼ ἧς γὰρ οἱ πατέρες ἐκοιμήθησαν, πάντα οὕτως διαμένει ἀπʼ ἀρχῆς κτίσεως.	 and saying: Where was the promise of his coming? For since our fathers slept all these things remain thus since (the) beginning of the creation.'	 ⲁⲩⲱ ⲉⲩϫⲱ ⲙ̅ⲙⲟⲥ. ϫⲉ ⲉϥⲧⲱⲛ ⲡⲉⲣⲏⲧ ⲛ̅ⲧⲉϥⲡⲁⲣⲣⲟⲩⲥⲓⲁ. ϫⲓⲛⲧⲁ ⲛⲉⲛⲉⲓⲟⲧⲉ ⲅⲁⲣ ⲛ̅ⲕⲟⲧⲕ̅. ϩⲱⲃ ⲛⲓⲙ ⲙⲏⲛ ⲉⲃⲟⲗ ⲛ̅ⲧⲉⲓϩⲉ ϫⲓⲛ ⲧⲁⲣⲭⲏ ⲙ̅ⲡⲥⲱⲛⲧ̅.
Second Epistle of St. Peter	3	5	 ⲡⲓϩⲱⲃ ⲅⲁⲣ ⲥⲉⲟⲓ ⲛ̀ⲁⲧⲉⲙⲓ ⲉ̀ⲣⲟϥ ⲫⲁⲓ ϩⲱⲟⲩ ⲡⲉⲧⲟⲩⲟⲩⲁϣϥ ϫⲉ ⲛⲓⲫⲏⲟⲩⲓ ⲥⲉϣⲟⲡ ⲓⲥϫⲉⲛ ϩⲏ ⲟⲩⲟϩ ⲡⲕⲁϩⲓ ⲉ̀ⲃⲟⲗ ϧⲉⲛ ⲟⲩⲙⲱⲟⲩ ⲛⲉⲙ ⲉ̀ⲃⲟⲗ ϩⲓⲧⲉⲛ ⲟⲩⲙⲱⲟⲩ ⲁϥⲟϩⲓ ⲉ̀ⲣⲁⲧϥ ϧⲉⲛ ⲡⲥⲁϫⲓ ⲙ̀ⲫϯ							 λανθάνει γὰρ αὐτοὺς τοῦτο θέλοντας ὅτι οὐρανοὶ ἦσαν ἔκπαλαι καὶ γῆ ἐξ ὕδατος καὶ διʼ ὕδατος συνεστῶσα τῷ τοῦ θεοῦ λόγῳ,	 For they are ignorant of the thing. This (ignorance) is that which they also wish, (ignorance) that the heavens exist from (the) beginning, and (the) earth from [a] water and through [a] water stood by (the) word of God;	 ⲡⲁⲓ ⲅⲁⲣ ϩⲏⲡ ⲉⲣⲟⲟⲩ ⲉⲩϫⲱ ⲙ̅ⲙⲟⲥ. ϫⲉ ⲙ̅ⲡⲏⲩⲉ ⲛⲉⲩϣⲟⲟⲡ ⲡⲉ ϫⲓⲛ ⲛ̅ϣⲟⲣⲡ̅. ⲁⲩⲱ ⲛ̅ⲧⲁ ⲡⲕⲁϩ ϣⲱⲡⲉ ⲉⲃⲟⲗ ϩⲛ̅ ⲟⲩⲙⲟⲟⲩ ⲁⲩⲱ ⲉⲃⲟⲗ ϩⲓⲧⲛ̅ ⲟⲩⲙⲟⲟⲩ ϩⲙ̅ ⲡϣⲁϫⲉ ⲙ̅ⲡⲛⲟⲩⲧⲉ.
Second Epistle of St. Peter	3	6	 ⲛⲁⲓ ⲉⲧⲉ ⲉⲑⲃⲏⲧⲟⲩ ⲁ ⲡⲓⲕⲟⲥⲙⲟⲥ ⲛ̀ⲧⲉ ⲡⲓⲥⲏⲟⲩ ⲉⲧⲧⲏ ⲁϥϫⲱⲗⲕ ⲉ̀ϧⲣⲏⲓ ϧⲉⲛ ⲟⲩⲙⲱⲟⲩ ⲟⲩⲟϩ ⲁϥⲧⲁⲕⲟ							 διʼ ὧν ὁ τότε κόσμος ὕδατι κατακλυσθεὶς ἀπώλετο·	 these (sc. waters) because of which the world of that time was submerged in [a] water and it perished;	 ⲉⲃⲟⲗ ϩⲓⲧⲛ̅ ⲛⲁⲓ ⲛ̅ⲧⲁ ⲡⲕⲟⲥⲙⲟⲥ ⲙ̅ⲡⲉⲓⲟⲩⲟⲉⲓϣ ⲱⲙⲥ̅ ϩⲓⲧⲛ̅ ⲟⲩⲙⲟⲟⲩ. ⲁϥⲧⲁⲕⲟ.
Second Epistle of St. Peter	3	7	 ⲛⲓⲫⲏⲟⲩⲓ ⲇⲉ ⲛ̀ⲧⲉ ϯⲛⲟⲩ ⲛⲉⲙ ⲡⲓⲕⲁϩⲓ ⲛ̀ϧⲣⲏⲓ ϧⲉⲛ ⲡⲁⲓⲥⲁϫⲓ ⲣⲱ ⲥⲉϩⲱⲟⲩⲓ ⲉ̀ϧⲟⲩⲛ ϧⲉⲛ ⲡⲭⲣⲱⲙ ⲉⲩⲁⲣⲉϩ ⲉ̀ⲣⲱⲟⲩ ⲉ̀ⲡⲉϩⲟⲟⲩ ⲛ̀ⲧⲉ ϯⲕⲣⲓⲥⲓⲥ ⲛⲉⲙ ⲧⲁⲅⲱ ⲛ̀ⲧⲉ ⲛⲓⲁⲥⲉⲃⲏⲥ ⲛ̀ⲣⲱⲙⲓ							 οἱ δὲ νῦν οὐρανοὶ καὶ ἡ γῆ τῷ αὐτῷ λόγῳ τεθησαυρισμένοι εἰσὶν πυρὶ τηρούμενοι εἰς ἡμέραν κρίσεως καὶ ἀπωλείας τῶν ἀσεβῶν ἀνθρώπων.	 but the present heavens and the earth in the same word are treasured up for (the) fire, being kept unto (the) day-of the judgement, and (the) perdition of the ungodly men.	 ⲙ̅ⲡⲏⲩⲉ ⲧⲉⲛⲟⲩ ⲙⲛ̅ ⲡⲕⲁϩ ϩⲙ̅ ⲡⲉⲓϣⲁϫⲉ ⲛ̅ⲟⲩⲱⲧ ⲉⲩⲥⲟⲟⲩϩ ⲉϩⲟⲩⲛ ϩⲙ̅ ⲡⲉⲓϣⲁϫⲉ ⲛ̅ⲟⲩⲱⲧ ϩⲙ̅ ⲡⲕⲱϩⲧ̅. ⲉⲩϩⲁⲣⲉϩ ⲉⲣⲟⲟⲩ ⲉⲡⲉϩⲟⲟⲩ ⲛ̅ⲧⲉⲕⲣⲓⲥⲓⲥ ⲙⲛ̅ ⲡⲧⲁⲕⲟ ⲛ̅ⲛ̅ⲣⲱⲙⲉ ⲛ̅ⲁⲥⲉⲃⲏⲥ.
Second Epistle of St. Peter	3	8	 ⲫⲁⲓ ⲇⲉ ⲙ̀ⲡⲉⲣϣⲱⲡⲓ ⲉⲣⲉⲧⲉⲛⲟⲃϣ ⲉ̀ⲣⲟϥ ⲛⲁⲙⲉⲛⲣⲁϯ ϫⲉ ⲟⲩⲉϩⲟⲟⲩ ⲛ̀ⲟⲩⲱⲧ ⲛⲁϩⲣⲉⲛ ⲡϭ̅ⲥ̅ ⲙ̀ⲫⲣⲏϯ ⲛ̀ⲟⲩϣⲟ ⲛ̀ⲣⲟⲙⲡⲓ ⲟⲩⲟϩ ⲟⲩϣⲟ ⲛ̀ⲣⲟⲙⲡⲓ ⲙ̀ⲫⲣⲏϯ ⲛ̀ⲟⲩⲉϩⲟⲟⲩ ⲛ̀ⲟⲩⲱⲧ							 Ἓν δὲ τοῦτο μὴ λανθανέτω ὑμᾶς, ἀγαπητοί, ὅτι μία ἡμέρα παρὰ κυρίῳ ὡς χίλια ἔτη καὶ χίλια ἔτη ὡς ἡμέρα μία.	 But of this be not forgetful, my beloved; that one day with the Lord (is) as a thousand years, and a thousand years as one day.	 ⲡⲉⲓϣⲁϫⲉ ⲛ̅ⲟⲩⲱⲧ. ⲙ̅ⲡⲣ̅ⲧⲣⲉϥϩⲱⲡ ⲉⲣⲱⲧⲛ̅. ⲛⲁⲙⲉⲣⲁⲧⲉ. ϫⲉ ⲟⲩϩⲟⲟⲩ ⲛ̅ⲟⲩⲱⲧ ⲛ̅ⲛⲁϩⲣⲙ̅ ⲡϫⲟⲉⲓⲥ ⲉϥⲟ ⲛ̅ⲑⲉ ⲛ̅ϣⲟ ⲛ̅ⲣⲟⲙⲡⲉ. ⲁⲩⲱ ϣⲟ ⲛ̅ⲣⲟⲙⲡⲉ ⲉⲩⲟ ⲛ̅ⲑⲉ ⲛ̅ⲟⲩϩⲟⲟⲩ ⲛ̅ⲟⲩⲱⲧ.
Second Epistle of St. Peter	3	9	 ⲟⲩⲟϩ ϥⲛⲁⲱⲥⲕ ⲁⲛ ⲛ̀ϫⲉ ⲡϭ̅ⲥ̅ ⲛ̀ⲧⲉ ϯⲉⲡⲁⲅⲅⲉⲗⲓⲁ ⲙ̀ⲫⲣⲏϯ ⲉⲧⲉ ϩⲁⲛⲟⲩⲟⲛ ⲙⲉⲩⲓ ϫⲉ ϥⲛⲁⲱⲥⲕ ⲁⲗⲗⲁ ⲁϥⲱⲟⲩⲛϩⲏⲧ ⲉ̀ⲣⲱⲧⲉⲛ ⲛ̀ϥⲟⲩⲱϣ ⲁⲛ ⲛ̀ⲧⲉ ϩⲗⲓ ⲧⲁⲕⲟ ⲁⲗⲗⲁ ⲉϥⲟⲩⲱϣ ⲛ̀ⲧⲟⲩⲓ ⲧⲏⲣⲟⲩ ⲉⲩⲙⲉⲧⲁⲛⲟⲓⲁ							 οὐ βραδύνει κύριος τῆς ἐπαγγελίας, ὥς τινες βραδύτητα ἡγοῦνται, ἀλλὰ μακροθυμεῖ εἰς ὑμᾶς, μὴ βουλόμενός τινας ἀπολέσθαι ἀλλὰ πάντας εἰς μετάνοιαν χωρῆσαι.	 And the Lord will not delay about the promise, as some think that he will delay; but was a Lit.' thrown into.' longsuffering to you, not wishing that any should perish, but wishing that all should come to [a.] repentance.	 ⲙ̅ⲡϫⲟⲉⲓⲥ ⲅⲁⲣ ⲙ̅ⲡⲉⲣⲏⲧ ⲛⲁⲱⲥⲕ̅ ⲁⲛ. ⲛ̅ⲑⲉ ⲉⲧⲉⲣⲉ ϩⲟⲓⲛⲉ ϫⲱ ⲙ̅ⲙⲟⲥ. ϫⲉ ϥⲛⲁⲱⲥⲕ̅. ⲁⲗⲗⲁ ⲉϥϩⲟⲣϣ̅ ⲛ̅ϩⲏⲧ ⲉⲧⲃⲉ ⲧⲏⲩⲧⲛ̅. ⲛϥ̅ⲟⲩⲱϣ ⲁⲛ ⲉⲧⲣⲉ ϩⲟⲓⲛⲉ ⲧⲁⲕⲟ. ⲁⲗⲗⲁ ⲉⲧⲣⲉⲩⲙⲉⲧⲁⲛⲟⲉⲓ ⲧⲏⲣⲟⲩ.
Second Epistle of St. Peter	3	10	 ⲉϥⲉ̀ⲓ̀ ⲇⲉ ⲛ̀ϫⲉ ⲡⲉϩⲟⲟⲩ ⲙ̀ⲡϭ̅ⲥ̅ ⲙ̀ⲫⲣⲏϯ ⲛ̀ⲟⲩⲣⲉϥϭⲓⲟⲩⲓ ⲫⲁⲓ ⲉⲧⲉ ⲉ̀ⲃⲟⲗ ϩⲓⲧⲟⲧϥ ⲛⲓⲫⲏⲟⲩⲓ ⲥⲉⲛⲁⲥⲓⲛⲓ ϧⲉⲛ ⲟⲩⲟⲩⲟⲓ ⲛⲓⲥⲧⲟⲓⲭⲓⲟⲛ ⲥⲉⲛⲁⲣⲱⲕϩ ⲥⲉⲛⲁⲃⲱⲗ ⲉ̀ⲃⲟⲗ ⲟⲩⲟϩ ⲡⲕⲁϩⲓ ⲛⲉⲙ ⲛⲓϩⲃⲏⲟⲩⲓ ⲉⲧⲉ ⲛ̀ϧⲏⲧϥ ⲉⲩⲉ̀ⲣⲱⲕϩ							 ἥξει δὲ ἡμέρα κυρίου ὡς κλέπτης, ἐν ᾗ οἱ οὐρανοὶ ῥοιζηδὸν παρελεύσονται, στοιχεῖα δὲ καυσούμενα λυθήσεται, καὶ γῆ καὶ τὰ ἐν αὐτῇ ἔργα εὑρεθήσεται.	 But (the) day of the Lord shall come as a thief: this (day) through which the heavens will pass away violently: the elements will be burned, they will be dissolved; and (the) earth and the works which are in it shall be burned.	 ⲡⲉϩⲟⲟⲩ ⲇⲉ ⲙ̅ⲡϫⲟⲉⲓⲥ ⲛⲏⲩ ⲛ̅ⲑⲉ ⲛ̅ⲟⲩⲣⲉϥϫⲓⲟⲩⲉ. ⲡⲁⲓ ⲉⲧⲉⲣⲉ ⲙ̅ⲡⲏⲩⲉ ⲛⲁⲡⲁⲣⲁⲅⲉ ⲛ̅ϩⲏⲧϥ̅ ϩⲛ̅ ⲟⲩϭⲉⲡⲏ. ⲛⲉⲥⲧⲟⲓⲭⲓⲟⲛ ⲇⲉ ⲛⲁⲣⲱⲕϩ̅ ⲛ̅ⲥⲉⲃⲱⲗ ⲉⲃⲟⲗ. ⲁⲩⲱ ⲡⲕⲁϩ ⲙⲛ̅ ⲛⲉϩⲃⲏⲩⲉ ⲉⲧⲛ̅ϩⲏⲧϥ̅ ⲛ̅ⲥⲉⲛⲁϩⲉ ⲉⲣⲟⲟⲩ ⲁⲛ.
Second Epistle of St. Peter	3	11	 ⲛⲁⲓ ⲟⲩⲛ ⲧⲏⲣⲟⲩ ⲉⲩⲛⲁⲃⲱⲗ ⲉ̀ⲃⲟⲗ ⲛⲁⲥⲙⲡϣⲁ ⲛ̀ⲧⲉⲧⲉⲛⲙⲟϣⲓ ⲛ̀ⲁϣ ⲛ̀ⲣⲏϯ ⲛ̀ϧⲣⲏⲓ ϧⲉⲛ ϩⲁⲛϫⲓⲛⲙⲟϣⲓ ⲉⲩⲟⲩⲁⲃ ⲛⲉⲙ ϩⲁⲛⲙⲉⲧⲉⲩⲥⲉⲃⲏⲥ							 Τούτων οὕτως πάντων λυομένων ποταποὺς δεῖ ὑπάρχειν ὑμᾶς ἐν ἁγίαις ἀναστροφαῖς καὶ εὐσεβείαις,	 All these things, then, being about to be dissolved, in what manner was it being meet that ye should walk in holy walks (of life) and godlinesses.	 ⲛⲁⲓ ϭⲉ ⲧⲏⲣⲟⲩ ⲛ̅ⲧⲉⲓϩⲉ ⲉⲁⲩⲃⲱⲗ ⲉⲃⲟⲗ. ⲉⲓⲉ ϣ̅ϣⲉ ⲉⲣⲱⲧⲛ̅ ⲛ̅ⲧⲉⲣⲉⲧⲉⲧⲛ̅ϣⲱⲡⲉ ⲛ̅ⲁϣ ⲛ̅ϩⲉ ϩⲛ̅ ⲛⲉϩⲃⲏⲩⲉ ⲉⲧⲟⲩⲁⲁⲃ ⲙⲛ̅ ⲧⲙⲛ̅ⲧⲣⲉϥϣⲙ̅ϣⲉ ⲛⲟⲩⲧⲉ.
Second Epistle of St. Peter	3	12	 ⲉⲣⲉⲧⲉⲛⲥⲟⲙⲥ ⲉ̀ⲃⲟⲗ ϧⲉⲛ ⲟⲩⲓⲏⲥ ϧⲁⲧϩⲏ ⲙ̀ⲡⲓⲉϩⲟⲟⲩ ⲛ̀ⲧⲉ ϯⲡⲁⲣⲟⲩⲥⲓⲁ ⲛ̀ⲧⲉ ⲡϭ̅ⲥ̅ ⲫⲁⲓ ⲉⲧⲉ ⲉ̀ⲃⲟⲗ ϩⲓⲧⲟⲧϥ ⲛⲓⲫⲏⲟⲩⲓ ⲥⲉⲛⲁⲣⲱⲕϩ ⲛ̀ⲥⲉϯⲟⲩⲱ ⲉ̀ⲃⲟⲗ ⲟⲩⲟϩ ⲛⲓⲥⲧⲟⲓⲭⲓⲟⲛ ⲥⲉⲛⲁⲣⲱⲕϩ ⲟⲩⲟϩ ⲛ̀ⲥⲉⲃⲱⲗ ⲉ̀ⲃⲟⲗ							 προσδοκῶντας καὶ σπεύδοντας τὴν παρουσίαν τῆς τοῦ θεοῦ ἡμέρας, διʼ ἣν οὐρανοὶ πυρούμενοι λυθήσονται καὶ στοιχεῖα καυσούμενα τήκεται·	 Gazing out in [an] haste forward to the day of the coming of the Lord, that through which the heavens will be burned and come to an end, and the elements will be burned and be dissolved.	 ⲉⲧⲉⲧⲛ̅ϭⲱϣⲧ̅ ⲉⲃⲟⲗ ⲁⲩⲱ ⲉⲧⲉⲧⲛ̅ϭⲉⲡⲏ ⲉϩⲟⲩⲛ ⲉⲧⲡⲁⲣⲟⲩⲥⲓⲁ ⲙ̅ⲡⲉϩⲟⲟⲩ ⲙ̅ⲡⲛⲟⲩⲧⲉ. ⲡⲁⲓ ⲉⲧⲉⲣⲉ ⲙ̅ⲡⲏⲩⲉ ⲛⲁⲃⲱⲗ ⲉⲃⲟⲗ ⲛ̅ϩⲏⲧϥ̅ ⲉⲩⲣⲱⲕϩ̅ ⲙ̅ⲙⲟⲟⲩ. ⲁⲩⲱ ⲛⲉⲥⲧⲟⲓⲭⲓⲟⲛ ⲛⲁⲣⲱⲕϩ̅ ⲛ̅ⲥⲉⲃⲱⲗ ⲉⲃⲟⲗ.
Second Epistle of St. Peter	3	13	 ϩⲁⲛⲫⲏⲟⲩⲓ ⲙ̀ⲃⲉⲣⲓ ⲛⲉⲙ ⲟⲩⲕⲁϩⲓ ⲙ̀ⲃⲉⲣⲓ ⲕⲁⲧⲁ ⲛⲉϥⲉⲡⲁⲅⲅⲉⲗⲓⲁ ⲉⲧⲉⲛ̀ϫⲟⲩϣⲧ ⲉ̀ⲃⲟⲗ ϧⲁϫⲱⲟⲩ ⲛⲁⲓ ⲉⲧⲉ ϯⲙⲉⲑⲙⲏⲓ ϣⲟⲡ ⲛ̀ϧⲏⲧⲟⲩ							 καινοὺς δὲ οὐρανοὺς καὶ γῆν καινὴν κατὰ τὸ ἐπάγγελμα αὐτοῦ προσδοκῶμεν, ἐν οἷς δικαιοσύνη κατοικεῖ.	 New heavens and a new earth according to his promises we look out for; these in which the righteousness dwelleth.	 ϩⲉⲛⲡⲏⲩⲉ ⲇⲉ ⲛ̅ⲃⲣ̅ⲣⲉ ⲙⲛ̅ ⲟⲩⲕⲁϩ ⲛ̅ⲃⲣ̅ⲣⲉ ⲙⲛ̅ ⲛⲉϥⲉⲣⲏⲧ ⲙⲁⲣⲛ̅ϭⲱϣⲧ̅ ⲉⲃⲟⲗ ϩⲏⲧⲟⲩ. ⲛⲁⲓ ⲉⲧⲉⲣⲉ ⲧⲇⲓⲕⲁⲓⲟⲥⲩⲛⲏ ⲟⲩⲏϩ ⲛ̅ϩⲏⲧⲟⲩ.
Second Epistle of St. Peter	3	14	 ⲉⲑⲃⲉⲫⲁⲓ ⲛⲁⲙⲉⲛⲣⲁϯ ⲉⲛⲥⲟⲙⲥ ⲉ̀ⲃⲟⲗ ϧⲁⲧϩⲏ ⲛ̀ⲛⲁⲓ ⲓⲏⲥ ⲛ̀ⲧⲉⲛ ⲑⲏⲛⲟⲩ ⲉ̀ⲑⲣⲟⲩϫⲉⲙ ⲑⲏⲛⲟⲩ ⲉⲣⲉⲧⲉⲛⲟⲓ ⲛ̀ⲁⲧⲁϭⲛⲓ ⲛⲉⲙⲁϥ ⲟⲩⲟϩ ⲛ̀ⲁⲧⲑⲱⲗⲉⲃ ⲙ̀ⲡⲉϥⲙ̀ⲑⲟ ⲛ̀ϧⲣⲏⲓ ϧⲉⲛ ⲟⲩϩⲓⲣⲏⲛⲏ							 Διό, ἀγαπητοί, ταῦτα προσδοκῶντες σπουδάσατε ἄσπιλοι καὶ ἀμώμητοι αὐτῷ εὑρεθῆναι ἐν εἰρήνῃ,	 Therefore, my beloved, (since) we are gazing out forward to these, hasten yourselves to be found without spot with him, and without stain before him in [a] peace.	 ⲉⲧⲃⲉ ⲡⲁⲓ. ⲛⲁⲙⲉⲣⲁⲧⲉ. ⲛⲁⲓ ⲉⲧⲉⲧⲛ̅ϭⲱϣⲧ̅ ⲉⲃⲟⲗ ϩⲏⲧⲟⲩ. ⲥⲡⲟⲩⲇⲁⲍⲉ ⲉⲧⲣⲉⲩϩⲉ ⲉⲣⲱⲧⲛ̅ ⲛⲁϥ ⲛ̅ⲁⲧⲧⲱⲗⲙ̅ ⲁⲩⲱ ⲛ̅ⲁⲧϫⲱϩⲙ̅ ϩⲛ̅ ⲟⲩⲉⲓⲣⲏⲛⲏ.
Second Epistle of St. Peter	3	15	 ⲟⲩⲟϩ ϯⲙⲉⲧⲣⲉϥⲱⲟⲩⲛ̀ϩⲏⲧ ⲛ̀ⲧⲉ ⲡϭ̅ⲥ̅ ⲟⲡⲥ ⲉ̀ⲣⲱⲧⲉⲛ ⲉⲩⲟⲩϫⲁⲓ ⲕⲁⲧⲁ ⲫⲣⲏϯ ϩⲱϥ ⲙ̀ⲡⲉⲛⲁⲅⲁⲡⲏⲧⲟⲥ ⲛ̀ⲥⲟⲛ ⲡⲁⲩⲗⲟⲥ ⲕⲁⲧⲁ ϯⲥⲟⲫⲓⲁ ⲉⲧⲁⲩⲧⲏⲓⲥ ⲛⲁϥ ⲁϥⲥϧⲁⲓ ⲛⲱⲧⲉⲛ							 καὶ τὴν τοῦ κυρίου ἡμῶν μακροθυμίαν σωτηρίαν ἡγεῖσθε, καθὼς καὶ ὁ ἀγαπητὸς ἡμῶν ἀδελφὸς Παῦλος κατὰ τὴν δοθεῖσαν αὐτῷ σοφίαν ἔγραψεν ὑμῖν,	 And the longsuffering of the Lord reckon it to you for [a] salvation, according as also our beloved brother Paul, according to the wisdom which was given to him, wrote to you:	 ⲁⲩⲱ ⲧⲙⲛ̅ⲧϩⲁⲣϣ̅ ϩⲏⲧ ⲙ̅ⲡⲉⲛϫⲟⲉⲓⲥ ⲛ̅ⲧⲉⲧⲛ̅ⲟⲡⲥ ⲉⲩⲟⲩϫⲁⲓ. ⲕⲁⲧⲁ ⲑⲉ ϩⲱⲱϥ ⲟⲛ ⲛ̅ⲧⲁ ⲡⲉⲛⲙⲉⲣⲓⲧ ⲛ̅ⲥⲟⲛ ⲡⲁⲩⲗⲟⲥ ⲥϩⲁⲓ ⲛⲏⲧⲛ̅ ⲕⲁⲧⲁ ⲧⲥⲟⲫⲓⲁ ⲛ̅ⲧⲁⲩⲧⲁⲁⲥ ⲛⲁϥ.
Second Epistle of St. Peter	3	16	 ⲙ̀ⲫⲣⲏϯ ⲟⲛ ϧⲉⲛ ⲛⲉϥⲉⲡⲓⲥⲧⲟⲗⲏ ⲧⲏⲣⲟⲩ ⲉϥⲥⲁϫⲓ ⲛ̀ϧⲣⲏⲓ ⲛ̀ϧⲏⲧⲟⲩ ⲉⲑⲃⲉ ⲛⲁⲓ ⲛⲁⲓ ⲉⲧⲉ ϩⲁⲛⲟⲩⲟⲛ ⲛ̀ϧⲏⲧⲟⲩ ⲙⲟⲕϩ ⲛ̀ⲉⲙⲓ ⲉ̀ⲣⲱⲟⲩ ⲛⲁⲓ ⲉⲧⲉ ϣⲁⲣⲉ ⲛⲓⲁⲧϩⲏⲧ ⲛⲉⲙ ⲛⲏ ⲉⲧⲉ ⲛ̀ⲥⲉⲧⲁϫⲣⲏⲟⲩⲧ ⲁⲛ ⲉⲣⲥⲧⲣⲉⲃⲗⲟⲓⲛ ⲙ̀ⲙⲱⲟⲩ ⲙ̀ⲫⲣⲏϯ ⲙ̀ⲡⲥⲉⲡⲓ ⲛ̀ⲛⲓⲅⲣⲁⲫⲏ ⲉⲧⲟⲩⲛⲁⲥⲟⲕⲟⲩ ⲕⲁⲧⲁ ⲛⲟⲩⲁⲅⲱ ⲙ̀ⲙⲁⲩⲁⲧⲟⲩ							 ὡς καὶ ἐν πάσαις ταῖς ἐπιστολαῖς λαλῶν ἐν αὐταῖς περὶ τούτων, ἐν αἷς ἐστιν δυσνόητά τινα, ἃ οἱ ἀμαθεῖς καὶ ἀστήρικτοι στρεβλοῦσιν ὡς καὶ τὰς λοιπὰς γραφὰς πρὸς τὴν ἰδίαν αὐτῶν ἀπώλειαν.	 as also in all his epistles, speaking in them concerning these (things); these in which some (things) are difficult to know (what they mean); these which the foolish and they who are not firm, distort as (the) rest of the Scriptures; who will draw themselves to their own perditions.	 ⲛ̅ⲑⲉ ⲉⲧϥ̅ϣⲁϫⲉ ϩⲛ̅ ⲛ̅ⲉⲡⲓⲥⲧⲟⲗⲏ ⲧⲏⲣⲟⲩ ⲉⲧⲃⲉ ⲛⲁⲓ. ⲟⲩⲛ̅ ϩⲁϩ ⲛ̅ϣⲁϫⲉ ⲛ̅ϩⲏⲧⲟⲩ ⲉⲩⲙⲟⲕϩ̅ ⲛ̅ⲛⲟⲉⲓ ⲙ̅ⲙⲟⲟⲩ. ⲛⲁⲓ ⲉⲧⲉⲣⲉ ⲛ̅ⲁⲧⲥⲃⲱ ⲁⲩⲱ ⲛⲉⲧⲉ ⲛ̅ⲥⲉⲧⲁϫⲣⲏⲩ ⲁⲛ. ⲉⲩϭⲱⲱⲙⲉ ⲙ̅ⲙⲟⲟⲩ ⲛ̅ⲑⲉ ⲉⲧⲟⲩϭⲱⲱⲙⲉ ⲙ̅ⲡⲕⲉⲥⲉⲉⲡⲉ ⲛ̅ⲅⲣⲁⲫⲏ ⲉϩⲣⲁⲓ ⲉⲡⲉⲩⲧⲁⲕⲟ ⲙ̅ⲙⲓⲛ ⲙ̅ⲙⲟⲟⲩ.
Second Epistle of St. Peter	3	17	 ⲛ̀ⲑⲱⲧⲉⲛ ⲟⲩⲛ ⲛⲁⲥⲛⲏⲟⲩ ⲉⲣⲉⲧⲉⲛⲉⲣϣⲟⲣⲡ ⲛ̀ⲥⲱⲟⲩⲛ ⲁⲣⲉϩ ⲉⲣⲱⲧⲉⲛ ϩⲓⲛⲁ ⲙⲏⲡⲱⲥ ⲛ̀ⲧⲉⲧⲉⲛⲥⲱⲣⲉⲙ ϧⲉⲛ ⲧⲡⲗⲁⲛⲏ ⲛ̀ⲛⲓⲁⲧϩⲏⲧ ⲟⲩⲟϩ ⲛ̀ⲧⲉⲧⲉⲛϩⲉⲓ ⲉ̀ⲃⲟⲗ ϧⲉⲛ ⲡⲉⲧⲉⲛⲧⲁϫⲣⲟ ⲙ̀ⲙⲓⲛ ⲙ̀ⲙⲱⲧⲉⲛ							 ὑμεῖς οὖν, ἀγαπητοί, προγινώσκοντες φυλάσσεσθε ἵνα μὴ τῇ τῶν ἀθέσμων πλάνῃ συναπαχθέντες ἐκπέσητε τοῦ ἰδίου στηριγμοῦ,	 Ye, then, my brethren, foreknowing, keep yourselves, lest by any means ye go astray in (the) error of the foolish, and fall from your own firmness.	 ⲛ̅ⲧⲱⲧⲛ̅ ⲇⲉ. ⲛⲁⲙⲉⲣⲁⲧⲉ. ⲛ̅ⲧⲉⲧⲛ̅ϣⲣⲡ̅ ⲥⲟⲟⲩⲛ ϩⲁⲣⲉϩ ⲉⲣⲱⲧⲛ̅. ϫⲉⲕⲁⲁⲥ ⲛ̅ⲛⲉⲩϫⲓ ⲧⲏⲩⲧⲛ̅ ϩⲛ̅ ⲧⲉⲡⲗⲁⲛⲏ ⲛ̅ⲛ̅ⲁⲛⲟⲙⲟⲥ. ⲛ̅ⲧⲉⲧⲛ̅ϩⲉ ⲉⲃⲟⲗ ϩⲙ̅ ⲡⲉⲧⲛ̅ⲧⲁϫⲣⲟ.
Second Epistle of St. Peter	3	18	 ⲁⲓⲁⲓ ⲇⲉ ⲛ̀ϧⲣⲏⲓ ϧⲉⲛ ⲡⲓϩⲙⲟⲧ ⲛⲉⲙ ⲡⲥⲟⲩⲉⲛ ⲡⲉⲛϭ̅ⲥ̅ ⲟⲩⲟϩ ⲡⲉⲛⲥⲱⲧⲏⲣ ⲓⲏ̅ⲥ̅ ⲡⲭ̅ⲥ̅ ⲫⲏ ⲉⲧⲉ ⲫⲱϥ ⲡⲉ ⲡⲓⲱⲟⲩ ⲓⲥϫⲉⲛ ϯⲛⲟⲩ ⲛⲉⲙ ϣⲁ ⲉⲛⲉϩ ⲛ̀ⲧⲉ ⲛⲓⲉⲛⲉϩ ⲁⲙⲏⲛ							 αὐξάνετε δὲ ἐν χάριτι καὶ γνώσει τοῦ κυρίου ἡμῶν καὶ σωτῆρος Ἰησοῦ Χριστοῦ. αὐτῷ ἡ δόξα καὶ νῦν καὶ εἰς ἡμέραν αἰῶνος. ἀμήν.	 But grow in [the] grace and (the) knowledge of our Lord and our saviour Jesus Christ, whose is the glory from now and unto age of the ages. Amen.	 ⲁⲩⲝⲁⲛⲉ ⲇⲉ ϩⲛ̅ ⲧⲉⲭⲁⲣⲓⲥ ⲁⲩⲱ ϩⲙ̅ ⲡⲥⲟⲟⲩⲛ ⲙ̅ⲡⲉⲛϫⲟⲉⲓⲥ ⲓ̅ⲥ̅ ⲡⲉⲭ̅ⲥ̅ ⲡⲉⲛⲥⲱⲧⲏⲣ. ⲡⲉⲟⲟⲩ ⲛⲁϥ ϫⲓⲛ ⲧⲉⲛⲟⲩ ⲁⲩⲱ ⲛ̅ⲛⲉϩⲟⲟⲩ ⲛ̅ⲉⲛⲉϩ ϩⲁⲙⲏⲛ.
Second Epistle of St. Peter	3		ⲡⲉⲧⲣⲟⲩ ⲉⲡⲓⲥⲧⲟⲗⲏ ⲃ̅									ⲧⲉⲡⲓⲥⲧⲟⲗⲏ ⲙ̅ⲡⲉⲧⲣⲟⲥ ⲃ̅
